"ID","Sequence","Span","Stutter","Frame","Frameshift","Product","Reads"
"sample01","GGTGAACTCACGGGTCGACACTGATGTCGGTGAGTGGGCTTTCTGGGAAAATAAAAAAACCTCAAAAAGAGCTTT","GGAAAATAAAAAAACCTCAAA","AAAAAAA",0,0,"sGP",28
"sample01","GATTTGGCAGGTGAACTCACGGGTCGACACTGATGTCGGTGAGTGGGCTTTCTGGGAAAATAAAAAAACCTCAAA","GGAAAATAAAAAAACCTCAAA","AAAAAAA",0,0,"sGP",16
"sample01","GGAAAATAAAAAAACCTCAAAAAGAGCTTTCCACGTGAAGAGCTGTCTCTCACAGCTGTACCAAGAGCAGCTGAT","GGAAAATAAAAAAACCTCAAA","AAAAAAA",0,0,"sGP",16
"sample01","GGGCTTTCTGGGAAAATAAAAAAACCTCAAAAAGAGCTTTCCACGTGAAGAGCTGTCTCTCACAGCTGTACCAAG","GGAAAATAAAAAAACCTCAAA","AAAAAAA",0,0,"sGP",13
"sample01","GTGAACTCACGGGTCGACACTGATGTCGGTGAGTGGGCTTTCTGGGAAAATAAAAAAACCTCAAAAAGAGCTTTC","GGAAAATAAAAAAACCTCAAA","AAAAAAA",0,0,"sGP",13
"sample01","TGGGAAAATAAAAAAACCTCAAAAAGAGCTTTCCACGTGAAGAGCTGTCTCTCACAGCTGTACCAAGAGCAGCTG","GGAAAATAAAAAAACCTCAAA","AAAAAAA",0,0,"sGP",13
"sample01","CACGGGTCGACACTGATGTCGGTGAGTGGGCTTTCTGGGAAAATAAAAAAACCTCAAAAAGAGCTTTCCACGTGA","GGAAAATAAAAAAACCTCAAA","AAAAAAA",0,0,"sGP",9
"sample01","TTTCTGGGAAAATAAAAAAACCTCAAAAAGAGCTTTCCACGTGAAGAGCTGTCTCTCACAGCTGTACCAAGAGCA","GGAAAATAAAAAAACCTCAAA","AAAAAAA",0,0,"sGP",9
"sample01","CTTTCTGGGAAAATAAAAAAACCTCAAAAAGAGCTTTCCACGTGAAGAGCTGTCTCTCACAGCTGTACCAAGAGC","GGAAAATAAAAAAACCTCAAA","AAAAAAA",0,0,"sGP",7
"sample01","GCTTTCTGGGAAAATAAAAAAACCTCAAAAAGAGCTTTCCACGTGAAGAGCTGTCTCTCACAGCTGTACCAAGAG","GGAAAATAAAAAAACCTCAAA","AAAAAAA",0,0,"sGP",7
"sample01","GGGAAAATAAAAAAACCTCAAAAAGAGCTTTCCACGTGAAGAGCTGTCTCTCACAGCTGTACCAAGAGCAGCTGA","GGAAAATAAAAAAACCTCAAA","AAAAAAA",0,0,"sGP",7
"sample01","CTCACGGGTCGACACTGATGTCGGTGAGTGGGCTTTCTGGGAAAATAAAAAAACCTCAAAAAGAGCTTTCCACGT","GGAAAATAAAAAAACCTCAAA","AAAAAAA",0,0,"sGP",6
"sample01","TGAACTCACGGGTCGACACTGATGTCGGTGAGTGGGCTTTCTGGGAAAATAAAAAAACCTCAAAAAGAGCTTTCC","GGAAAATAAAAAAACCTCAAA","AAAAAAA",0,0,"sGP",6
"sample01","CGACACTGATGTCGGTGAGTGGGCTTTCTGGGAAAATAAAAAAACCTCAAAAAGAGCTTTCCACGTGAAGAGCTG","GGAAAATAAAAAAACCTCAAA","AAAAAAA",0,0,"sGP",5
"sample01","CTGGGAAAATAAAAAAACCTCAAAAAGAGCTTTCCACGTGAAGAGCTGTCTCTCACAGCTGTACCAAGAGCAGCT","GGAAAATAAAAAAACCTCAAA","AAAAAAA",0,0,"sGP",5
"sample01","GGCAGGTGAACTCACGGGTCGACACTGATGTCGGTGAGTGGGCTTTCTGGGAAAATAAAAAAACCTCAAAAAGAG","GGAAAATAAAAAAACCTCAAA","AAAAAAA",0,0,"sGP",5
"sample01","GTCGACACTGATGTCGGTGAGTGGGCTTTCTGGGAAAATAAAAAAACCTCAAAAAGAGCTTTCCACGTGAAGAGC","GGAAAATAAAAAAACCTCAAA","AAAAAAA",0,0,"sGP",5
"sample01","TGGGCTTTCTGGGAAAATAAAAAAACCTCAAAAAGAGCTTTCCACGTGAAGAGCTGTCTCTCACAGCTGTACCAA","GGAAAATAAAAAAACCTCAAA","AAAAAAA",0,0,"sGP",5
"sample01","ATTTGGCAGGTGAACTCACGGGTCGACACTGATGTCGGTGAGTGGGCTTTCTGGGAAAATAAAAAAACCTCAAAA","GGAAAATAAAAAAACCTCAAA","AAAAAAA",0,0,"sGP",4
"sample01","GTGGGCTTTCTGGGAAAATAAAAAAACCTCAAAAAGAGCTTTCCACGTGAAGAGCTGTCTCTCACAGCTGTACCA","GGAAAATAAAAAAACCTCAAA","AAAAAAA",0,0,"sGP",4
"sample01","GGTGAACTCACGGGTCGACACTGATGTCGGTGAGTGGGCTTTCTGGGAAAATAAAAAAAAACCTCAAAAAGAGCT","GGAAAATAAAAAAAAACCTCA","AAAAAAAAA",2,2,"ssGP",3
"sample01","ATGTCGGTGAGTGGGCTTTCTGGGAAAATAAAAAAAACCTCAAAAAGAGCTTTCCACGTGAAGAGCTGTCTCTCA","GGAAAATAAAAAAAACCTCAA","AAAAAAAA",1,1,"GP",3
"sample01","CGGGTCGACACTGATGTCGGTGAGTGGGCTTTCTGGGAAAATAAAAAAACCTCAAAAAGAGCTTTCCACGTGAAG","GGAAAATAAAAAAACCTCAAA","AAAAAAA",0,0,"sGP",3
"sample01","GGCTTTCTGGGAAAATAAAAAAACCTCAAAAAGAGCTTTCCACGTGAAGAGCTGTCTCTCACAGCTGTACCAAGA","GGAAAATAAAAAAACCTCAAA","AAAAAAA",0,0,"sGP",3
"sample01","GTCGGTGAGTGGGCTTTCTGGGAAAATAAAAAAACCTCAAAAAGAGCTTTCCACGTGAAGAGCTGTCTCTCACAG","GGAAAATAAAAAAACCTCAAA","AAAAAAA",0,0,"sGP",3
"sample01","TCGACACTGATGTCGGTGAGTGGGCTTTCTGGGAAAATAAAAAAACCTCAAAAAGAGCTTTCCACGTGAAGAGCT","GGAAAATAAAAAAACCTCAAA","AAAAAAA",0,0,"sGP",3
"sample01","TTGGCAGGTGAACTCACGGGTCGACACTGATGTCGGTGAGTGGGCTTTCTGGGAAAATAAAAAAACCTCAAAAAG","GGAAAATAAAAAAACCTCAAA","AAAAAAA",0,0,"sGP",3
"sample01","CTCACGGGTCGACACTGATGTCGGTGAGTGGGCTTTCTGGGAAAATAAAAAAAACCTCAAAAAGAGCTTTCCACG","GGAAAATAAAAAAAACCTCAA","AAAAAAAA",1,1,"GP",2
"sample01","TGGGAAAATAAAAAAAACCTCAAAAAGAGCTTTCCACGTGAAGAGCTGTCTCTCACAGCTGTACCAAGAGCAGCT","GGAAAATAAAAAAAACCTCAA","AAAAAAAA",1,1,"GP",2
"sample01","AACTCACGGGTCGACACTGATGTCGGTGAGTGGGCTTTCTGGGAAAATAAAAAAACCTCAAAAAGAGCTTTCCAC","GGAAAATAAAAAAACCTCAAA","AAAAAAA",0,0,"sGP",2
"sample01","AGGTGAACTCACGGGTCGACACTGATGTCGGTGAGTGGGCTTTCTGGGAAAATAAAAAAACCTCAAAAAGAGCTT","GGAAAATAAAAAAACCTCAAA","AAAAAAA",0,0,"sGP",2
"sample01","ATGTCGGTGAGTGGGCTTTCTGGGAAAATAAAAAAACCTCAAAAAGAGCTTTCCACGTGAAGAGCTGTCTCTCAC","GGAAAATAAAAAAACCTCAAA","AAAAAAA",0,0,"sGP",2
"sample01","CTTTGGCAGGTGAACTCACGGGTCGACACTGATGTCGGTGAGTGGGCTTTCTGGGAAAATAAAAAAACCTCAAAA","GGAAAATAAAAAAACCTCAAA","AAAAAAA",0,0,"sGP",2
"sample01","GACACTGATGTCGGTGAGTGGGCTTTCTGGGAAAATAAAAAAACCTCAAAAAGAGCTTTCCACGTGAAGAGCTGT","GGAAAATAAAAAAACCTCAAA","AAAAAAA",0,0,"sGP",2
"sample01","GCGGGTGAACTCACGGGTCGACACTGATGTCGGTGAGTGGGCTTTCTGGGAAAATAAAAAAACCTCAAAAAGAGC","GGAAAATAAAAAAACCTCAAA","AAAAAAA",0,0,"sGP",2
"sample01","GGCGAGTGGGCTTTCTGGGAAAATAAAAAAACCTCAAAAAGAGCTTTCCACGTGAAGAGCTGTCTCTCACAGCTG","GGAAAATAAAAAAACCTCAAA","AAAAAAA",0,0,"sGP",2
"sample01","TCTGGGAAAATAAAAAAACCTCAAAAAGAGCTTTCCACGTGAAGAGCTGTCTCTCACAGCTGTACCAAGAGCAGC","GGAAAATAAAAAAACCTCAAA","AAAAAAA",0,0,"sGP",2
"sample01","TTCTGGGAAAATAAAAAAACCTCAAAAAGAGCTTTCCACGTGAAGAGCTGTCTCTCACAGCTGTACCAAGAGCAG","GGAAAATAAAAAAACCTCAAA","AAAAAAA",0,0,"sGP",2
"sample01","GACAACTCACGGGTCGACACAGCTGTCGGAGAGACGGCTTTCTGAGAAAATATAACAAAATCAAAAAAACCTTTC","AGAAAATATAACAAAATCAAA","ATAACAA",0,0,"sGP",1
"sample01","CGAAAATAAAAAAACCTCAAAAAGAGCTTTCCACGTGAAGAGCTGTCTCTCACAGCGGAACCAAGAGCAGCTGAT","CGAAAATAAAAAAACCTCAAA","AAAAAAA",0,0,"sGP",1
"sample01","CACGGGTCGACACTGATGTCGGTGAGTGGGCTTTCTGGAAAAATAAAAAAACCTCAAAAAGAGCTTTCCACGTGA","GAAAAATAAAAAAACCTCAAA","AAAAAAA",0,0,"sGP",1
"sample01","GAAAAATAAAAAAACCTCAAAAAGAGCTTTCCACGTGAAGAGCTGTCTCTCACAGCTGTACCAAGAGCAGCTGAT","GAAAAATAAAAAAACCTCAAA","AAAAAAA",0,0,"sGP",1
"sample01","GATGTAGGGGTGTGGGCTTCTGGGAAAATAAAAAAACCTCAAAAAGAGCTTTCCACGTGAAGAGCTGGCTCTCAC","GAAAATAAAAAAACCTCAAAA","AAAAAAA",0,0,"sGP",1
"sample01","GGTGAACTCACGGGTCGACACTGCTGTCGGTGAGTGGGCTTTCTGGCAAAATAAAAAACCCTCAAAAAGAGCTTT","GCAAAATAAAAAACCCTCAAA","AAAAAAC",0,0,"sGP",1
"sample01","CTCACGGGTCGACACTGATGTCGGTGAGTGGGCTTTCTGGGAAAAAAAAAAAACCTCAAAAAGAGCTTTCCACGA","GGAAAAAAAAAAAACCTCAAA",,,,"Other",1
"sample01","GTGAACTCACGGGTCGACACTGATGTCGGTGAGTGGGCTTTCTGGGAAAATAAAAAAAAAAACATAAAAAACGGC","GGAAAATAAAAAAAAAAACAT",,,,"Other",1
"sample01","GTGAACTCACGGGTCGACACTGATGTCGGTGAGTGGGCTTTCTGGGAAAATAAAAAAAAAAACATCAAAAAGAGG","GGAAAATAAAAAAAAAAACAT",,,,"Other",1
"sample01","GGGAAAATAAAAAAAAAACCTCAAAAAGAGCGTTCCACGTGAAGCGCTGTCGCTCACAGCTGTACCAAGAGCAGC","GGAAAATAAAAAAAAAACCTC",,,,"Other",1
"sample01","GGGAAAATAAAAAAAAAACCTCAAAAAGAGCTTTCCACGTGAAGAGCTGTCTCTCACAGCTGTACAAAGAGCAGC","GGAAAATAAAAAAAAAACCTC",,,,"Other",1
"sample01","GGTGAACTCACGGGTCGACACTGATGTCAGTGAGTGGGCTTTCTGGGAAAATAAAAAAAAACCTCAAAAAGAGCT","GGAAAATAAAAAAAAACCTCA","AAAAAAAAA",2,2,"ssGP",1
"sample01","GGTGAACTCACGGGTCGACACTGATGTCGGTGAGTGGGATTTCTGGGAAAATAAAAAAAAACCTCAAAAAGAGCT","GGAAAATAAAAAAAAACCTCA","AAAAAAAAA",2,2,"ssGP",1
"sample01","GGGGGCTTTCTGGGAAAATAAAAAAAACACAAAAAAAGCTATACACGGGAAAAGCTGTCTCTCACACCAATACCA","GGAAAATAAAAAAAACACAAA",,,,"Other",1
"sample01","ATGTCGGTGAGTGGGGTTTGTGGGAAAATAAAAAAAACCTCAAAAAGAGCTTTCCACGTGAAGAGCTGTCTCTCA","GGAAAATAAAAAAAACCTCAA","AAAAAAAA",1,1,"GP",1
"sample01","GTGGGCTTTCTGGGAAAATAAAAAAAACCTCAAAAAGAGCTTTCCACGTGAAGAGCTGTCTCTCACAGCTGTACC","GGAAAATAAAAAAAACCTCAA","AAAAAAAA",1,1,"GP",1
"sample01","TGGGAAAATAAAAAAAACTCAAAAAGAGCTTTCCACGTGAAGCGCTGTCTCTCACAGCTGTACCAAGAGCAGCTG","GGAAAATAAAAAAAACTCAAA","AAAAAAA",0,0,"sGP",1
"sample01","GGGAAAATAAAAAAACATCAAAAAGAGCGTTCCACGTGAAGAGCTGTCTCTCACAGCTGTACCAAGAGCAGCTGA","GGAAAATAAAAAAACATCAAA","AAAAAAA",0,0,"sGP",1
"sample01","GTGAACTCACGGGTCGACACTGATGTCGGTGAGTGGGCTTTCTGGGAAAATAAAAAAACATCAAAAAGAGCTTTC","GGAAAATAAAAAAACATCAAA","AAAAAAA",0,0,"sGP",1
"sample01","GTGAGTGGGCTTTCTGGGAAAATAAAAAAACATCAAAAAGAGCTTTCAACGTGAAGAGCTGTCTCTCACAGCTGT","GGAAAATAAAAAAACATCAAA","AAAAAAA",0,0,"sGP",1
"sample01","TGGCAGGTGAACTCACGGGTCGACACTGATGTCGGTGAGTGGGCTTTCTGGGAAAATAAAAAAACATCAAAAAGA","GGAAAATAAAAAAACATCAAA","AAAAAAA",0,0,"sGP",1
"sample01","GGTGAACTCACGGGAAGACACTGATGTCGGTGAGTCGGCTTTCTGGGAAAATAAAAAAACCAAAAAAAGAGAAAT","GGAAAATAAAAAAACCAAAAA",,,,"Other",1
"sample01","AACTCACGGGTCGACACTGATGTCGGTGAGTGGGCTTTCTGGGAAAATAAAAAAACCACAAAAAGAGCTTTCAAC","GGAAAATAAAAAAACCACAAA",,,,"Other",1
"sample01","CACGGGTCGACACTGATGTCGGTGAGTGGGCTTTCTGGGAAAATAAAAAAACCGCAAAAAGAGCTTTCCACGTGA","GGAAAATAAAAAAACCGCAAA",,,,"Other",1
"sample01","ACGGGTCGACACTGATGTCGGTGAGTGGGCTTTCTGGGAAAATAAAAAAACCTCAAAAAGAGCTTTCCACGTGAA","GGAAAATAAAAAAACCTCAAA","AAAAAAA",0,0,"sGP",1
"sample01","ACTCACGGGTCGACACTGATGTCGGTGAGTGGGCTTTCTGGGAAAATAAAAAAACCTCAAAAAGAGCTTTCCACG","GGAAAATAAAAAAACCTCAAA","AAAAAAA",0,0,"sGP",1
"sample01","ATGTCTGTGAGTGGGCTTTCTGGGAAAATAAAAAAACCTCAAAAAGAGCTTTCCACGTGAAGAGCTGTCTCTCAC","GGAAAATAAAAAAACCTCAAA","AAAAAAA",0,0,"sGP",1
"sample01","CGACACTGATGTCGGTGAGTGGGCTTTCTGGGAAAATAAAAAAACCTCAAAAAGAGCTTTCCACGTGATGAGCTG","GGAAAATAAAAAAACCTCAAA","AAAAAAA",0,0,"sGP",1
"sample01","CGGCAGGTGAACTCACGGGTCGACACTGATGTCGGTGAGTGGGCTTTCTGGGAAAATAAAAAAACCTCAAAAAGA","GGAAAATAAAAAAACCTCAAA","AAAAAAA",0,0,"sGP",1
"sample01","CGGGCTTTCTGGGAAAATAAAAAAACCTCAAAAAGAGCTTTCCACGTGAAGAGCTGTCTCTCACAGCTGTACCAA","GGAAAATAAAAAAACCTCAAA","AAAAAAA",0,0,"sGP",1
"sample01","CGGGTCGACACTGATGTCGGTGAGTGGGCTTTCTGGGAAAATAAAAAAACCTCAAAAAGAGCTTTCCACGTGATG","GGAAAATAAAAAAACCTCAAA","AAAAAAA",0,0,"sGP",1
"sample01","CGTCGGTGAGTGGGCTTTCTGGGAAAATAAAAAAACCTCAAAAAGAGCTTTCCACGTGAAGAGCTGTCTCTCACA","GGAAAATAAAAAAACCTCAAA","AAAAAAA",0,0,"sGP",1
"sample01","CTCACGGGTCGACACGGATGTCGGTGAGTGGGCTTTCTGGGAAAATAAAAAAACCTCAAAAAGAGCTTTCCACGT","GGAAAATAAAAAAACCTCAAA","AAAAAAA",0,0,"sGP",1
"sample01","CTCACGGGTCGACACTGATGTCGGTGAGTGGGCGTTCTGGGAAAATAAAAAAACCTCAAAAAGAGCTTTCCACGT","GGAAAATAAAAAAACCTCAAA","AAAAAAA",0,0,"sGP",1
"sample01","CTCACGGGTCGACACTGATGTCGGTGAGTGGGCTTTCTGGGAAAATAAAAAAACCTCAAATAGAGCGTTCCACGT","GGAAAATAAAAAAACCTCAAA","AAAAAAA",0,0,"sGP",1
"sample01","CTGGGAAAATAAAAAAACCTCAAAAAGAGCTTTCCACGTGAAGAGCTGTCTCTCAACGCTGTGCCAATAGCCGCT","GGAAAATAAAAAAACCTCAAA","AAAAAAA",0,0,"sGP",1
"sample01","CTGGGAAAATAAAAAAACCTCAAAAAGAGCTTTCCACGTGAAGAGCTGTCTCTCACAGCTGTACAAAGAGCAGCT","GGAAAATAAAAAAACCTCAAA","AAAAAAA",0,0,"sGP",1
"sample01","CTGGGAAAATAAAAAAACCTCAAAAAGAGCTTTCCACGTGAAGAGCTGTCTCTCACAGCTGTACCAAAAGCAGCT","GGAAAATAAAAAAACCTCAAA","AAAAAAA",0,0,"sGP",1
"sample01","CTGGGAAAATAAAAAAACCTCAAAAAGAGCTTTCCACGTGAAGAGCTGTCTCTCACAGCTGTACCAAGCGCAGCT","GGAAAATAAAAAAACCTCAAA","AAAAAAA",0,0,"sGP",1
"sample01","CTTTCTGGGAAAATAAAAAAACCTCAAAAAGAGCTTTCCACGTGAAGAGCTGTCTCTCACAGATGTACCAAGAGC","GGAAAATAAAAAAACCTCAAA","AAAAAAA",0,0,"sGP",1
"sample01","CTTTCTGGGAAAATAAAAAAACCTCAAAAAGAGCTTTCCCCGTGAAGCGCTGTCTCTCACAGCTGTACCAAGAGC","GGAAAATAAAAAAACCTCAAA","AAAAAAA",0,0,"sGP",1
"sample01","GAACTCACGGGTCGACACTGATGTCGGTGAGTGGGCTTTCTGGGAAAATAAAAAAACCTCAAAAAGAGCTTTCCA","GGAAAATAAAAAAACCTCAAA","AAAAAAA",0,0,"sGP",1
"sample01","GATTTGGCAGGTGAACTCACGGTTCGACACTGATGTCGGTGAGTGGGCTTTCTGGGAAAATAAAAAAACCTCAAA","GGAAAATAAAAAAACCTCAAA","AAAAAAA",0,0,"sGP",1
"sample01","GGAAAATAAAAAAACCTCAAAAAGAGATTTCCACGTGAAGAGCTGTCTCTCACAGCTGTCCCAAGACCAGCTGAT","GGAAAATAAAAAAACCTCAAA","AAAAAAA",0,0,"sGP",1
"sample01","GGAAAATAAAAAAACCTCAAAAAGAGCTTTCCACGTGAAGAGCGGTCTCTCACAGCTGTACCAAGAGCAGCTGAT","GGAAAATAAAAAAACCTCAAA","AAAAAAA",0,0,"sGP",1
"sample01","GGCAGGTGAACTCACGGGGCGACACTGATGTCGGTGTGTGGGCTTTCTGGGAAAATAAAAAAACCTCAAAAAGAG","GGAAAATAAAAAAACCTCAAA","AAAAAAA",0,0,"sGP",1
"sample01","GGCAGGTGAACTCACGGGTCGACACTGATGGCGGTGAGTGGGCTTTCTGGGAAAATAAAAAAACCTCAAAAAGAG","GGAAAATAAAAAAACCTCAAA","AAAAAAA",0,0,"sGP",1
"sample01","GGCAGGTGAACTCACGGGTCGACACTGATGTCGGTGAGTGGGCTTTCTGGGAAAATAAAAAAACCTCAAAATGAG","GGAAAATAAAAAAACCTCAAA","AAAAAAA",0,0,"sGP",1
"sample01","GGCGGTGAGTGGGCTTTCTGGGAAAATAAAAAAACCTCAAAAAGAGCTTTCCACGTGAAGAGCTGTCTCTCACAG","GGAAAATAAAAAAACCTCAAA","AAAAAAA",0,0,"sGP",1
"sample01","GGCTTTCTGGGAAAATAAAAAAACCTCAAAAAGACCCTTCCACGTGAAGAGCTGTCTCTCACAGCTGTACCAAGA","GGAAAATAAAAAAACCTCAAA","AAAAAAA",0,0,"sGP",1
"sample01","GGCTTTCTGGGAAAATAAAAAAACCTCAAAAAGAGCTTTCCACGTGAAGAGCTGTCTCTCACAGCTGTACCTAGA","GGAAAATAAAAAAACCTCAAA","AAAAAAA",0,0,"sGP",1
"sample01","GGGAAAATAAAAAAACCTCAAAAAGAGCTTTCCACGTGAAGAGCTGACTCTCACAGCTGTACCAAGAGAAGCTGA","GGAAAATAAAAAAACCTCAAA","AAAAAAA",0,0,"sGP",1
"sample01","GGGAAAATAAAAAAACCTCAAAAAGAGCTTTCCACGTGAAGAGCTGTCTCTCACAGCTGTAACAAGAGCAGCTGA","GGAAAATAAAAAAACCTCAAA","AAAAAAA",0,0,"sGP",1
"sample01","GGGAAAATAAAAAAACCTCAAAAAGAGCTTTCCACGTGAAGAGTTGTCTCTCACAGCTGTACCAAGAGCAGCTGA","GGAAAATAAAAAAACCTCAAA","AAAAAAA",0,0,"sGP",1
"sample01","GGGAAAATAAAAAAACCTCAAAAAGAGCTTTCCACTTGAAGAGCTGTCTCTCACAGCTGTACCAAGAGCAGCTGA","GGAAAATAAAAAAACCTCAAA","AAAAAAA",0,0,"sGP",1
"sample01","GGGCTATCTGGGAAAATAAAAAAACCTCAAAAAGAGCTTTCCACGTGAAGAGCTGTCTCTCACAGCTGTACCAAG","GGAAAATAAAAAAACCTCAAA","AAAAAAA",0,0,"sGP",1
"sample01","GGGCTTTCTGGGAAAATAAAAAAACCTCAAAAAGAGCATACCACGTGAAGAGCTGTCTCTCACACCAGTACCAAG","GGAAAATAAAAAAACCTCAAA","AAAAAAA",0,0,"sGP",1
"sample01","GGGCTTTCTGGGAAAATAAAAAAACCTCAAAAAGAGCTGTCCACGTGAAGAGCTGTCTCTCACAGCTGTACCAAG","GGAAAATAAAAAAACCTCAAA","AAAAAAA",0,0,"sGP",1
"sample01","GGGCTTTCTGGGAAAATAAAAAAACCTCAAAAAGAGCTTTCCACGAGAAGAGCAGTCTCTCACAGCTGAACCAAG","GGAAAATAAAAAAACCTCAAA","AAAAAAA",0,0,"sGP",1
"sample01","GGGCTTTCTGGGAAAATAAAAAAACCTCAAAAAGAGCTTTCCACGTGAAGAGATGTCTCACACAGCTGTACCAAG","GGAAAATAAAAAAACCTCAAA","AAAAAAA",0,0,"sGP",1
"sample01","GGGCTTTCTGGGAAAATAAAAAAACCTCAAAAAGAGCTTTCCACGTGAAGAGCTGTCTCTCACAGCTGTCCCAAG","GGAAAATAAAAAAACCTCAAA","AAAAAAA",0,0,"sGP",1
"sample01","GGGCTTTCTGGGAAAATAAAAAAACCTCAAAAAGAGCTTTCCCCGTGAAGAGCTGTCTCTCACAGCTGTACCAAG","GGAAAATAAAAAAACCTCAAA","AAAAAAA",0,0,"sGP",1
"sample01","GGGGCTTTCTGGGAAAATAAAAAAACCTCAAAAAGAGCTTTCCACGTGAAGAGCTGTCTCTCACAGCTGTACCAA","GGAAAATAAAAAAACCTCAAA","AAAAAAA",0,0,"sGP",1
"sample01","GGGGCTTTCTGGGAAAATAAAAAAACCTCAAAAAGAGCTTTCCACGTGAAGCGCTGTCTCTCACAGCTGTACCAA","GGAAAATAAAAAAACCTCAAA","AAAAAAA",0,0,"sGP",1
"sample01","GGTGAACGCACGGGTCGACACTGATGTCGGTGAGTGGGCTTTCTGGGAAAATAAAAAAACCTCAAAAAGAGCTTT","GGAAAATAAAAAAACCTCAAA","AAAAAAA",0,0,"sGP",1
"sample01","GGTGAACTCACGGGTCGACACTGATGTCGGTGAGCGGGCTTTCTGGGAAAATAAAAAAACCTCAAAAAGAGCTTT","GGAAAATAAAAAAACCTCAAA","AAAAAAA",0,0,"sGP",1
"sample01","GGTGAACTCACGGGTCGACACTGATGTCGGTGAGTGGGCTATCTGGGAAAATAAAAAAACCTCAAAAAGAGCTTT","GGAAAATAAAAAAACCTCAAA","AAAAAAA",0,0,"sGP",1
"sample01","GGTGAACTCACGGGTCGACACTGATGTCGGTGAGTGGGCTTTCAGGGAAAATAAAAAAACCTCAAAAAGAGCTTT","GGAAAATAAAAAAACCTCAAA","AAAAAAA",0,0,"sGP",1
"sample01","GGTGAACTCACGGGTCGACACTGATGTCGGTGAGTGGGCTTTCTGGGAAAATAAAAAAACCTCAAAAAGAGCATT","GGAAAATAAAAAAACCTCAAA","AAAAAAA",0,0,"sGP",1
"sample01","GGTGAACTCACGGGTCGACACTGATGTCGGTGAGTGGGCTTTCTGGGAAAATAAAAAAACCTCAAAAAGAGCGTT","GGAAAATAAAAAAACCTCAAA","AAAAAAA",0,0,"sGP",1
"sample01","GGTGAACTCACGGGTCGACACTGATGTCGGTGAGTGGGCTTTCTGGGAAAATAAAAAAACCTCAAAAAGAGCTCT","GGAAAATAAAAAAACCTCAAA","AAAAAAA",0,0,"sGP",1
"sample01","GGTGAACTCACGGGTCGCCACTGATGTCGGTGAGTGGGCTTTCTGGGAAAATAAAAAAACCTCAAAAAGAGCTTT","GGAAAATAAAAAAACCTCAAA","AAAAAAA",0,0,"sGP",1
"sample01","GGTGAACTCACTGGTCGACACTGATGTCGGTGAGTGGGCTTTATGGGAAAATAAAAAAACCTCAAAATGAGCTTT","GGAAAATAAAAAAACCTCAAA","AAAAAAA",0,0,"sGP",1
"sample01","GGTGAACTCTCGGGTCGACACTGATGTCGGTGAGTGGGCTTTCTGGGAAAATAAAAAAACCTCAAAAAGAGCTTT","GGAAAATAAAAAAACCTCAAA","AAAAAAA",0,0,"sGP",1
"sample01","GTCGACACTGATGTCGGTGAGTGGGCTTTCTGGGAAAATAAAAAAACCTCAAAAAGAGCTTTCCACGTGAAGAGA","GGAAAATAAAAAAACCTCAAA","AAAAAAA",0,0,"sGP",1
"sample01","GTCGGTGAGTGGGCTTTCTGGGAAAATAAAAAAACCTCAAAACGAGCTTTCCACGTGAAGAGCTGTCTCTCACAG","GGAAAATAAAAAAACCTCAAA","AAAAAAA",0,0,"sGP",1
"sample01","GTGAACGCACGGGTCGACACTGATGTCGGTGAGTGGGCTTTCTGGGAAAATAAAAAAACCTCAAAAAGAGCTTTC","GGAAAATAAAAAAACCTCAAA","AAAAAAA",0,0,"sGP",1
"sample01","GTGAACTCACGGGTCGACACTGATGTCGGTGAGTGGGCTTTCTGGGAAAATAAAAAAACCTCAAAAAGCGCTTTC","GGAAAATAAAAAAACCTCAAA","AAAAAAA",0,0,"sGP",1
"sample01","GTGGGCTTTCTGGGAAAATAAAAAAACCTCAAAAAGAGCTTTCCACGTGAAGAGCTGTCTCTCACAGCTGTACAA","GGAAAATAAAAAAACCTCAAA","AAAAAAA",0,0,"sGP",1
"sample01","GTGGGCTTTCTGGGAAAATAAAAAAACCTCAAAAAGAGCTTTCCACGTGAAGAGCTGTCTCTCACAGCTGTACCC","GGAAAATAAAAAAACCTCAAA","AAAAAAA",0,0,"sGP",1
"sample01","GTGGGCTTTCTGGGAAAATAAAAAAACCTCAAAAAGAGCTTTCCACGTGATGAGCTGGCTCTCACAGCTGTACCA","GGAAAATAAAAAAACCTCAAA","AAAAAAA",0,0,"sGP",1
"sample01","TCACGGGTCGACACTGATGTCGGTGAGTGGGCTTTCTGGGAAAATAAAAAAACCTCAAAAAGAGCTTTCCACGTG","GGAAAATAAAAAAACCTCAAA","AAAAAAA",0,0,"sGP",1
"sample01","TCGACACTGATATCGGTGAGTGGGCTTTCTGGGAAAATAAAAAAACCTCAAAAAGAGCTTTCCACGTGAAGAGCT","GGAAAATAAAAAAACCTCAAA","AAAAAAA",0,0,"sGP",1
"sample01","TCTGGGAAAATAAAAAAACCTCAAAAAGAGCTTTCCACGTGAAGAGCTGTCTCTCACAGCTGTACCAAGAGCACG","GGAAAATAAAAAAACCTCAAA","AAAAAAA",0,0,"sGP",1
"sample01","TCTGGGAAAATAAAAAAACCTCAAAAAGAGCTTTCCACGTGAAGCGCTGACTCTCACAGCTGTACCAAGAGCAGC","GGAAAATAAAAAAACCTCAAA","AAAAAAA",0,0,"sGP",1
"sample01","TGAACTCACGGTTCGACACTGATGTCGGTGAGTGGGCTTTCTGGGAAAATAAAAAAACCTCAAAAAGAGCTTTCC","GGAAAATAAAAAAACCTCAAA","AAAAAAA",0,0,"sGP",1
"sample01","TGAGTGGGCTTTCTGGGAAAATAAAAAAACCTCAAAAAGAGCTTTCCACGTGAAGAGCTGTCTCTCACAGCTGTA","GGAAAATAAAAAAACCTCAAA","AAAAAAA",0,0,"sGP",1
"sample01","TGAGTGGGCTTTCTGGGAAAATAAAAAAACCTCAAAAAGAGCTTTCCACGTGAAGAGCTGTCTCTCACCGCTGTA","GGAAAATAAAAAAACCTCAAA","AAAAAAA",0,0,"sGP",1
"sample01","TGGCAGGTGAACTCACGGGTCGACACTGATGTCGGTGACTGGGCGTTCTGGGAAAATAAAAAAACCTCAAAAAGA","GGAAAATAAAAAAACCTCAAA","AAAAAAA",0,0,"sGP",1
"sample01","TGGCAGGTGAACTCACGGGTCGACACTGATGTCGGTGAGTGGGCTTTCTTGGAAAATAAAAAAACCTCAAAAAGA","GGAAAATAAAAAAACCTCAAA","AAAAAAA",0,0,"sGP",1
"sample01","TGGCGGTGAGTGGGCTTTCTGGGAAAATAAAAAAACCTCAAAAAGAGCTTTCCACGTGAAGAGCTGTCTCTCACA","GGAAAATAAAAAAACCTCAAA","AAAAAAA",0,0,"sGP",1
"sample01","TGGGAAAATAAAAAAACCTCAAAAAGAGCTTTCCACGTGAAGAGCTGTCTCTCACAGCTGTAACAAGAGCAGCTG","GGAAAATAAAAAAACCTCAAA","AAAAAAA",0,0,"sGP",1
"sample01","TGGGAAAATAAAAAAACCTCAAAAAGCGCTTTCAACGTGAAGAGCTGTCTCTCACAGCTGTCCCAATAGCAGCTC","GGAAAATAAAAAAACCTCAAA","AAAAAAA",0,0,"sGP",1
"sample01","TGGGCTTTCTGGGAAAATAAAAAAACCTCAAAAAGAGATTTCCACGTGATGAGCTGTCTCTCACAGCTGTACCAA","GGAAAATAAAAAAACCTCAAA","AAAAAAA",0,0,"sGP",1
"sample01","TGGGCTTTCTGGGAAAATAAAAAAACCTCAAAAAGAGCTTTCCGCGTGAGGAGCTGTCTCTCACAGCTGTACCAA","GGAAAATAAAAAAACCTCAAA","AAAAAAA",0,0,"sGP",1
"sample01","TGGGTCGACACTGATGTCGGTGAGTGGGCTTTCTGGGAAAATAAAAAAACCTCAAAAAGAGCTTTCCACGTGAAG","GGAAAATAAAAAAACCTCAAA","AAAAAAA",0,0,"sGP",1
"sample01","TGGTGAGAGGGCTTTCTGGGAAAATAAAAAAACCTCAAAAAGAGCTTTCCACGTGAAGAGCTGTCTCTCACAGCT","GGAAAATAAAAAAACCTCAAA","AAAAAAA",0,0,"sGP",1
"sample01","TGGTGAGTGGGCTTTCTGGGAAAATAAAAAAACCTCAAAAAGAGCTTTCCACGTGAAGAGCTGTCTCTCACAGCT","GGAAAATAAAAAAACCTCAAA","AAAAAAA",0,0,"sGP",1
"sample01","TTCTGGGAAAATAAAAAAACCTCAAAAAGAGCTTTCCACGTGAAGAGCTGTCTCTCACAGCTGTACCAAGAGCTT","GGAAAATAAAAAAACCTCAAA","AAAAAAA",0,0,"sGP",1
"sample01","TTGGCAGGTGAACTCACGGGTCGACACTGATGTCGGTGAGGGGGCTTTCTGGGAAAATAAAAAAACCTCAAAAAG","GGAAAATAAAAAAACCTCAAA","AAAAAAA",0,0,"sGP",1
"sample01","TTGGCTTTCTGGGAAAATAAAAAAACCTCAAAAAGAGCTTTCCACGTGAAGAGCTGTCTCTCACAGCTGTACCAA","GGAAAATAAAAAAACCTCAAA","AAAAAAA",0,0,"sGP",1
"sample01","TTTCTGGGAAAATAAAAAAACCTCAAAAAGAGCTTTCCACGTGAAGAGCTGTCTCTCACAGCTGTACCAAGCGCA","GGAAAATAAAAAAACCTCAAA","AAAAAAA",0,0,"sGP",1
"sample01","TTTCTGGGAAAATAAAAAAACCTCAAAAAGAGCTTTCCACGTGAATAGCTGTCTCTCACAGCTGTACCAAGAGCA","GGAAAATAAAAAAACCTCAAA","AAAAAAA",0,0,"sGP",1
"sample01","TTTCTGGGAAAATAAAAAAACCTCAAAAAGAGCTTTCCACTTGAAGAGCTGTCTCTCACAGCTGTACCAAGAGCA","GGAAAATAAAAAAACCTCAAA","AAAAAAA",0,0,"sGP",1
"sample01","TTTGGCAGGTGAACTCACGGGTCGACACTGATGTCGGTGAGTGGGCTTTCTGGGAAAATAAAAAAACCTCAAAAA","GGAAAATAAAAAAACCTCAAA","AAAAAAA",0,0,"sGP",1
"sample01","TGGTGAGTGGGCTTTCTGGGAAAATAAAAAAACCTCAAGAAGAGATTTCCACGTGAAGAGCTGTCTCGCACAACT","GGAAAATAAAAAAACCTCAAG","AAAAAAA",0,0,"sGP",1
"sample01","GGTGAACTCACGGGTCGACACTGATGACGGTGAGTGGGCTTTCTGGGAAAATAAAAAAACCTCAATAAGAGCTTT","GGAAAATAAAAAAACCTCAAT","AAAAAAA",0,0,"sGP",1
"sample01","GGGCTTTCTGGGAAAATAAAAAAACCTCACAAAGAGCTTTCCACGTGAAGAGCTGTCTCTCACAGCTGGACCAGG","GGAAAATAAAAAAACCTCACA","AAAAAAA",0,0,"sGP",1
"sample01","GGAAAATAAAAAAACCTCATAAAGAGCTTTCCACGTGAAGAGCTGTCTCTCACAGCTGTACCAAGAGCAGCTGAT","GGAAAATAAAAAAACCTCATA","AAAAAAA",0,0,"sGP",1
"sample01","GGTGAGTGGGCTTTCTGGGAAAATAAAAAAACCTCATAAAGAGCTTTCCACGTGAAGAGCTGTCTCTCACAGCTG","GGAAAATAAAAAAACCTCATA","AAAAAAA",0,0,"sGP",1
"sample01","CGGTGAGTGGGCTTTCTGGGAAAATAAAAAAACCTCTAAAAGAGCTTTCCACGTGAAGAGCTGTCTCTCACAGCT","GGAAAATAAAAAAACCTCTAA",,,,"Other",1
"sample01","ATTTGGCAGGTGAACTCACGGGTCGACACTGAAGTCGGTGAGTGGGCTTTCTGGGAAAATAAAAAAACCTTAAAA","GGAAAATAAAAAAACCTTAAA",,,,"Other",1
"sample01","GGCAGGTGAACTCACGGGTCGCCACTGATGTCGGTGAGTGGGCTTTCTGGGAAAATAAAAAAACGTCAAAAAGAG","GGAAAATAAAAAAACGTCAAA","AAAAAAA",0,0,"sGP",1
"sample01","TGAACTCACGGGTCGACACTGATGTCGGTGAGTGGGCTTTCTGGGAAAATAAAAAACCCACAAAAAGCGCTTGCC","GGAAAATAAAAAACCCACAAA",,,,"Other",1
"sample01","CTCACGGGTCGACACTGATGTCGGTGAGTGGGCTTTCTGGGAAAATAAAAAACCCTCAAAAAGAGCTTTCCACGT","GGAAAATAAAAAACCCTCAAA","AAAAAAC",0,0,"sGP",1
"sample01","CTTTCTGGGAAAATAAAAAACCCTCAAAAAGAGCTTTCCACGTGAAGAGCTGTCTCTCACAGCTGTACCAAGAGC","GGAAAATAAAAAACCCTCAAA","AAAAAAC",0,0,"sGP",1
"sample01","GGCAGGTGAACTCACGGGTCGACACTGATGTCGGTGAGTGGGCTTTCTGGGAAAATAAAAAACCCTCAAAAAGAG","GGAAAATAAAAAACCCTCAAA","AAAAAAC",0,0,"sGP",1
"sample01","GGGAAAATAAAAAACCCTCAAAAAGAGCTTTCCACGTGAAGAGCTGTCTCTCACAGCTGTACCAAGAGCAGCTGA","GGAAAATAAAAAACCCTCAAA","AAAAAAC",0,0,"sGP",1
"sample01","GGTGAACTCACGGGTCGACACTGATGTCGGTGAGTGGGCTTTCTGGGAAAATAAAAAACCCTCAAAAAGAGCTTT","GGAAAATAAAAAACCCTCAAA","AAAAAAC",0,0,"sGP",1
"sample01","GGTGAACTCACGGGTCGACACTGATGTCGGTGAGTGGGCTTTCTGGGAAAATAAAAAACCCTCAAAAAGCGCTTT","GGAAAATAAAAAACCCTCAAA","AAAAAAC",0,0,"sGP",1
"sample01","GGTGAACTCACGGGTCGACCCTGATGTCGGTGAGTGGGCTTTCTGGGAAAATAAAAAACCCTCAAAAAGAGCTAT","GGAAAATAAAAAACCCTCAAA","AAAAAAC",0,0,"sGP",1
"sample01","TTCTGGGAAAATAAAAAACCCTCAAAAAGAGCTTTCCACGTGAAGAGCTGTCTCTCACAGCTGTACCAAGAGCAG","GGAAAATAAAAAACCCTCAAA","AAAAAAC",0,0,"sGP",1
"sample01","GTGGGCTTTCTGGGAAAATAAAAAACCTCAAAGAGAGCTTTCCACGTGAAGAGCTGTCTCTCACAGCTGTACCAA","GGAAAATAAAAAACCTCAAAG","AAAAAA",-1,2,"ssGP",1
"sample01","CTGGGAAAATAAAAAATCCTCAAAAAGGGCTTTCCACGTGAAGAGCTGTCTCTCACAGCTGTACCAAGAGCAGCT","GGAAAATAAAAAATCCTCAAA","AAAAAAT",0,0,"sGP",1
"sample01","GAAATCACTGGTAGACACTGCTGTCGGTGATTGGTCTTTCTGGGAAAATAAAAAATCCTCTAAAATAGCTTTCCA","GGAAAATAAAAAATCCTCTAA",,,,"Other",1
"sample01","GCTTTCTGGGAAAATAAAAATACCTCAAAAAGAGCTTTCCACGTGAAGAGCTGTCTCTCACAGCTGTACCAAGAG","GGAAAATAAAAATACCTCAAA","AAAAATA",0,0,"sGP",1
"sample01","GGTGAACTCACGGGTCGACACTGATGTCGGTGAGTGGGATTTCTGGGAAAATAAAAATACCTCAAAAAGAGCTTG","GGAAAATAAAAATACCTCAAA","AAAAATA",0,0,"sGP",1
"sample01","GGTGAACTCACGGGTCGACACTGCTGTCGGTGAGGGGGCTTTCTGGGAAAATAAAACAACCTCAAAAAGACATTT","GGAAAATAAAACAACCTCAAA","AAAACAA",0,0,"sGP",1
"sample01","GATTTGGCAGGTGAACTCACGGGTCGCCACTGATGTCGGTGAGTGGGCTTTCTGGGAAAATAAAAGAACCTCAAA","GGAAAATAAAAGAACCTCAAA","AAAAGAA",0,0,"sGP",1
"sample01","GGTGAACTCACGGGTCGCCACTGATGTCGGTGAGTGGGCTTTCTGGGAAACTAAAAAAACCTCAAAAAGAGCTAT","GGAAACTAAAAAAACCTCAAA",,,,"Other",1
"sample01","GCGGGTGAACTCACGGGTCGACACTGATGTCGGTGAGTGGGCTTTCTTGGATAATAAAAAAACCTCAAAAAGAGC","GGATAATAAAAAAACCTCAAA","AAAAAAA",0,0,"sGP",1
"sample01","GGTGAACTCACGGGTCGACACTGATGTCGGTGAGTGCGCTTTCTGGGCAAATAAAAAAGCCTCAAAAGTAGCTTT","GGCAAATAAAAAAGCCTCAAA","AAAAAAG",0,0,"sGP",1
"sample01","TGTGAACTCACTGGTCGACAATGAAGTCGGTGAGAGGGCTTTCTGGTAAAATAAAAAAACCTCAAAAAGATCTTT","GTAAAATAAAAAAACCTCAAA","AAAAAAA",0,0,"sGP",1
"sample01","GATTTGGCAGGTGAACTCACGGGTCGACACTGATGTCGGTGAGTGGGCTTTCTGTGAAAATAAAAAAACCTCAAA","TGAAAATAAAAAAACCTCAAA","AAAAAAA",0,0,"sGP",1
"sample18","GGTGAACTCACGGGTCGACACTGATGTCGGTGAGTGGGCTTTCTGGGAAAATAAAAAAACCTCAAAAAGAGCTTT","GGAAAATAAAAAAACCTCAAA","AAAAAAA",0,0,"sGP",28
"sample18","GATTTGGCAGGTGAACTCACGGGTCGACACTGATGTCGGTGAGTGGGCTTTCTGGGAAAATAAAAAAACCTCAAA","GGAAAATAAAAAAACCTCAAA","AAAAAAA",0,0,"sGP",16
"sample18","GGAAAATAAAAAAACCTCAAAAAGAGCTTTCCACGTGAAGAGCTGTCTCTCACAGCTGTACCAAGAGCAGCTGAT","GGAAAATAAAAAAACCTCAAA","AAAAAAA",0,0,"sGP",16
"sample18","GGGCTTTCTGGGAAAATAAAAAAACCTCAAAAAGAGCTTTCCACGTGAAGAGCTGTCTCTCACAGCTGTACCAAG","GGAAAATAAAAAAACCTCAAA","AAAAAAA",0,0,"sGP",13
"sample18","GTGAACTCACGGGTCGACACTGATGTCGGTGAGTGGGCTTTCTGGGAAAATAAAAAAACCTCAAAAAGAGCTTTC","GGAAAATAAAAAAACCTCAAA","AAAAAAA",0,0,"sGP",13
"sample18","TGGGAAAATAAAAAAACCTCAAAAAGAGCTTTCCACGTGAAGAGCTGTCTCTCACAGCTGTACCAAGAGCAGCTG","GGAAAATAAAAAAACCTCAAA","AAAAAAA",0,0,"sGP",13
"sample18","CACGGGTCGACACTGATGTCGGTGAGTGGGCTTTCTGGGAAAATAAAAAAACCTCAAAAAGAGCTTTCCACGTGA","GGAAAATAAAAAAACCTCAAA","AAAAAAA",0,0,"sGP",9
"sample18","TTTCTGGGAAAATAAAAAAACCTCAAAAAGAGCTTTCCACGTGAAGAGCTGTCTCTCACAGCTGTACCAAGAGCA","GGAAAATAAAAAAACCTCAAA","AAAAAAA",0,0,"sGP",9
"sample18","CTTTCTGGGAAAATAAAAAAACCTCAAAAAGAGCTTTCCACGTGAAGAGCTGTCTCTCACAGCTGTACCAAGAGC","GGAAAATAAAAAAACCTCAAA","AAAAAAA",0,0,"sGP",7
"sample18","GCTTTCTGGGAAAATAAAAAAACCTCAAAAAGAGCTTTCCACGTGAAGAGCTGTCTCTCACAGCTGTACCAAGAG","GGAAAATAAAAAAACCTCAAA","AAAAAAA",0,0,"sGP",7
"sample18","GGGAAAATAAAAAAACCTCAAAAAGAGCTTTCCACGTGAAGAGCTGTCTCTCACAGCTGTACCAAGAGCAGCTGA","GGAAAATAAAAAAACCTCAAA","AAAAAAA",0,0,"sGP",7
"sample18","CTCACGGGTCGACACTGATGTCGGTGAGTGGGCTTTCTGGGAAAATAAAAAAACCTCAAAAAGAGCTTTCCACGT","GGAAAATAAAAAAACCTCAAA","AAAAAAA",0,0,"sGP",6
"sample18","TGAACTCACGGGTCGACACTGATGTCGGTGAGTGGGCTTTCTGGGAAAATAAAAAAACCTCAAAAAGAGCTTTCC","GGAAAATAAAAAAACCTCAAA","AAAAAAA",0,0,"sGP",6
"sample18","CGACACTGATGTCGGTGAGTGGGCTTTCTGGGAAAATAAAAAAACCTCAAAAAGAGCTTTCCACGTGAAGAGCTG","GGAAAATAAAAAAACCTCAAA","AAAAAAA",0,0,"sGP",5
"sample18","CTGGGAAAATAAAAAAACCTCAAAAAGAGCTTTCCACGTGAAGAGCTGTCTCTCACAGCTGTACCAAGAGCAGCT","GGAAAATAAAAAAACCTCAAA","AAAAAAA",0,0,"sGP",5
"sample18","GGCAGGTGAACTCACGGGTCGACACTGATGTCGGTGAGTGGGCTTTCTGGGAAAATAAAAAAACCTCAAAAAGAG","GGAAAATAAAAAAACCTCAAA","AAAAAAA",0,0,"sGP",5
"sample18","GTCGACACTGATGTCGGTGAGTGGGCTTTCTGGGAAAATAAAAAAACCTCAAAAAGAGCTTTCCACGTGAAGAGC","GGAAAATAAAAAAACCTCAAA","AAAAAAA",0,0,"sGP",5
"sample18","TGGGCTTTCTGGGAAAATAAAAAAACCTCAAAAAGAGCTTTCCACGTGAAGAGCTGTCTCTCACAGCTGTACCAA","GGAAAATAAAAAAACCTCAAA","AAAAAAA",0,0,"sGP",5
"sample18","ATTTGGCAGGTGAACTCACGGGTCGACACTGATGTCGGTGAGTGGGCTTTCTGGGAAAATAAAAAAACCTCAAAA","GGAAAATAAAAAAACCTCAAA","AAAAAAA",0,0,"sGP",4
"sample18","GTGGGCTTTCTGGGAAAATAAAAAAACCTCAAAAAGAGCTTTCCACGTGAAGAGCTGTCTCTCACAGCTGTACCA","GGAAAATAAAAAAACCTCAAA","AAAAAAA",0,0,"sGP",4
"sample18","GGTGAACTCACGGGTCGACACTGATGTCGGTGAGTGGGCTTTCTGGGAAAATAAAAAAAAACCTCAAAAAGAGCT","GGAAAATAAAAAAAAACCTCA","AAAAAAAAA",2,2,"ssGP",3
"sample18","ATGTCGGTGAGTGGGCTTTCTGGGAAAATAAAAAAAACCTCAAAAAGAGCTTTCCACGTGAAGAGCTGTCTCTCA","GGAAAATAAAAAAAACCTCAA","AAAAAAAA",1,1,"GP",3
"sample18","CGGGTCGACACTGATGTCGGTGAGTGGGCTTTCTGGGAAAATAAAAAAACCTCAAAAAGAGCTTTCCACGTGAAG","GGAAAATAAAAAAACCTCAAA","AAAAAAA",0,0,"sGP",3
"sample18","GGCTTTCTGGGAAAATAAAAAAACCTCAAAAAGAGCTTTCCACGTGAAGAGCTGTCTCTCACAGCTGTACCAAGA","GGAAAATAAAAAAACCTCAAA","AAAAAAA",0,0,"sGP",3
"sample18","GTCGGTGAGTGGGCTTTCTGGGAAAATAAAAAAACCTCAAAAAGAGCTTTCCACGTGAAGAGCTGTCTCTCACAG","GGAAAATAAAAAAACCTCAAA","AAAAAAA",0,0,"sGP",3
"sample18","TCGACACTGATGTCGGTGAGTGGGCTTTCTGGGAAAATAAAAAAACCTCAAAAAGAGCTTTCCACGTGAAGAGCT","GGAAAATAAAAAAACCTCAAA","AAAAAAA",0,0,"sGP",3
"sample18","TTGGCAGGTGAACTCACGGGTCGACACTGATGTCGGTGAGTGGGCTTTCTGGGAAAATAAAAAAACCTCAAAAAG","GGAAAATAAAAAAACCTCAAA","AAAAAAA",0,0,"sGP",3
"sample18","CTCACGGGTCGACACTGATGTCGGTGAGTGGGCTTTCTGGGAAAATAAAAAAAACCTCAAAAAGAGCTTTCCACG","GGAAAATAAAAAAAACCTCAA","AAAAAAAA",1,1,"GP",2
"sample18","TGGGAAAATAAAAAAAACCTCAAAAAGAGCTTTCCACGTGAAGAGCTGTCTCTCACAGCTGTACCAAGAGCAGCT","GGAAAATAAAAAAAACCTCAA","AAAAAAAA",1,1,"GP",2
"sample18","AACTCACGGGTCGACACTGATGTCGGTGAGTGGGCTTTCTGGGAAAATAAAAAAACCTCAAAAAGAGCTTTCCAC","GGAAAATAAAAAAACCTCAAA","AAAAAAA",0,0,"sGP",2
"sample18","AGGTGAACTCACGGGTCGACACTGATGTCGGTGAGTGGGCTTTCTGGGAAAATAAAAAAACCTCAAAAAGAGCTT","GGAAAATAAAAAAACCTCAAA","AAAAAAA",0,0,"sGP",2
"sample18","ATGTCGGTGAGTGGGCTTTCTGGGAAAATAAAAAAACCTCAAAAAGAGCTTTCCACGTGAAGAGCTGTCTCTCAC","GGAAAATAAAAAAACCTCAAA","AAAAAAA",0,0,"sGP",2
"sample18","CTTTGGCAGGTGAACTCACGGGTCGACACTGATGTCGGTGAGTGGGCTTTCTGGGAAAATAAAAAAACCTCAAAA","GGAAAATAAAAAAACCTCAAA","AAAAAAA",0,0,"sGP",2
"sample18","GACACTGATGTCGGTGAGTGGGCTTTCTGGGAAAATAAAAAAACCTCAAAAAGAGCTTTCCACGTGAAGAGCTGT","GGAAAATAAAAAAACCTCAAA","AAAAAAA",0,0,"sGP",2
"sample18","GCGGGTGAACTCACGGGTCGACACTGATGTCGGTGAGTGGGCTTTCTGGGAAAATAAAAAAACCTCAAAAAGAGC","GGAAAATAAAAAAACCTCAAA","AAAAAAA",0,0,"sGP",2
"sample18","GGCGAGTGGGCTTTCTGGGAAAATAAAAAAACCTCAAAAAGAGCTTTCCACGTGAAGAGCTGTCTCTCACAGCTG","GGAAAATAAAAAAACCTCAAA","AAAAAAA",0,0,"sGP",2
"sample18","TCTGGGAAAATAAAAAAACCTCAAAAAGAGCTTTCCACGTGAAGAGCTGTCTCTCACAGCTGTACCAAGAGCAGC","GGAAAATAAAAAAACCTCAAA","AAAAAAA",0,0,"sGP",2
"sample18","TTCTGGGAAAATAAAAAAACCTCAAAAAGAGCTTTCCACGTGAAGAGCTGTCTCTCACAGCTGTACCAAGAGCAG","GGAAAATAAAAAAACCTCAAA","AAAAAAA",0,0,"sGP",2
"sample18","GACAACTCACGGGTCGACACAGCTGTCGGAGAGACGGCTTTCTGAGAAAATATAACAAAATCAAAAAAACCTTTC","AGAAAATATAACAAAATCAAA","ATAACAA",0,0,"sGP",1
"sample18","CGAAAATAAAAAAACCTCAAAAAGAGCTTTCCACGTGAAGAGCTGTCTCTCACAGCGGAACCAAGAGCAGCTGAT","CGAAAATAAAAAAACCTCAAA","AAAAAAA",0,0,"sGP",1
"sample18","CACGGGTCGACACTGATGTCGGTGAGTGGGCTTTCTGGAAAAATAAAAAAACCTCAAAAAGAGCTTTCCACGTGA","GAAAAATAAAAAAACCTCAAA","AAAAAAA",0,0,"sGP",1
"sample18","GAAAAATAAAAAAACCTCAAAAAGAGCTTTCCACGTGAAGAGCTGTCTCTCACAGCTGTACCAAGAGCAGCTGAT","GAAAAATAAAAAAACCTCAAA","AAAAAAA",0,0,"sGP",1
"sample18","GATGTAGGGGTGTGGGCTTCTGGGAAAATAAAAAAACCTCAAAAAGAGCTTTCCACGTGAAGAGCTGGCTCTCAC","GAAAATAAAAAAACCTCAAAA","AAAAAAA",0,0,"sGP",1
"sample18","GGTGAACTCACGGGTCGACACTGCTGTCGGTGAGTGGGCTTTCTGGCAAAATAAAAAACCCTCAAAAAGAGCTTT","GCAAAATAAAAAACCCTCAAA","AAAAAAC",0,0,"sGP",1
"sample18","CTCACGGGTCGACACTGATGTCGGTGAGTGGGCTTTCTGGGAAAAAAAAAAAACCTCAAAAAGAGCTTTCCACGA","GGAAAAAAAAAAAACCTCAAA",,,,"Other",1
"sample18","GTGAACTCACGGGTCGACACTGATGTCGGTGAGTGGGCTTTCTGGGAAAATAAAAAAAAAAACATAAAAAACGGC","GGAAAATAAAAAAAAAAACAT",,,,"Other",1
"sample18","GTGAACTCACGGGTCGACACTGATGTCGGTGAGTGGGCTTTCTGGGAAAATAAAAAAAAAAACATCAAAAAGAGG","GGAAAATAAAAAAAAAAACAT",,,,"Other",1
"sample18","GGGAAAATAAAAAAAAAACCTCAAAAAGAGCGTTCCACGTGAAGCGCTGTCGCTCACAGCTGTACCAAGAGCAGC","GGAAAATAAAAAAAAAACCTC",,,,"Other",1
"sample18","GGGAAAATAAAAAAAAAACCTCAAAAAGAGCTTTCCACGTGAAGAGCTGTCTCTCACAGCTGTACAAAGAGCAGC","GGAAAATAAAAAAAAAACCTC",,,,"Other",1
"sample18","GGTGAACTCACGGGTCGACACTGATGTCAGTGAGTGGGCTTTCTGGGAAAATAAAAAAAAACCTCAAAAAGAGCT","GGAAAATAAAAAAAAACCTCA","AAAAAAAAA",2,2,"ssGP",1
"sample18","GGTGAACTCACGGGTCGACACTGATGTCGGTGAGTGGGATTTCTGGGAAAATAAAAAAAAACCTCAAAAAGAGCT","GGAAAATAAAAAAAAACCTCA","AAAAAAAAA",2,2,"ssGP",1
"sample18","GGGGGCTTTCTGGGAAAATAAAAAAAACACAAAAAAAGCTATACACGGGAAAAGCTGTCTCTCACACCAATACCA","GGAAAATAAAAAAAACACAAA",,,,"Other",1
"sample18","ATGTCGGTGAGTGGGGTTTGTGGGAAAATAAAAAAAACCTCAAAAAGAGCTTTCCACGTGAAGAGCTGTCTCTCA","GGAAAATAAAAAAAACCTCAA","AAAAAAAA",1,1,"GP",1
"sample18","GTGGGCTTTCTGGGAAAATAAAAAAAACCTCAAAAAGAGCTTTCCACGTGAAGAGCTGTCTCTCACAGCTGTACC","GGAAAATAAAAAAAACCTCAA","AAAAAAAA",1,1,"GP",1
"sample18","TGGGAAAATAAAAAAAACTCAAAAAGAGCTTTCCACGTGAAGCGCTGTCTCTCACAGCTGTACCAAGAGCAGCTG","GGAAAATAAAAAAAACTCAAA","AAAAAAA",0,0,"sGP",1
"sample18","GGGAAAATAAAAAAACATCAAAAAGAGCGTTCCACGTGAAGAGCTGTCTCTCACAGCTGTACCAAGAGCAGCTGA","GGAAAATAAAAAAACATCAAA","AAAAAAA",0,0,"sGP",1
"sample18","GTGAACTCACGGGTCGACACTGATGTCGGTGAGTGGGCTTTCTGGGAAAATAAAAAAACATCAAAAAGAGCTTTC","GGAAAATAAAAAAACATCAAA","AAAAAAA",0,0,"sGP",1
"sample18","GTGAGTGGGCTTTCTGGGAAAATAAAAAAACATCAAAAAGAGCTTTCAACGTGAAGAGCTGTCTCTCACAGCTGT","GGAAAATAAAAAAACATCAAA","AAAAAAA",0,0,"sGP",1
"sample18","TGGCAGGTGAACTCACGGGTCGACACTGATGTCGGTGAGTGGGCTTTCTGGGAAAATAAAAAAACATCAAAAAGA","GGAAAATAAAAAAACATCAAA","AAAAAAA",0,0,"sGP",1
"sample18","GGTGAACTCACGGGAAGACACTGATGTCGGTGAGTCGGCTTTCTGGGAAAATAAAAAAACCAAAAAAAGAGAAAT","GGAAAATAAAAAAACCAAAAA",,,,"Other",1
"sample18","AACTCACGGGTCGACACTGATGTCGGTGAGTGGGCTTTCTGGGAAAATAAAAAAACCACAAAAAGAGCTTTCAAC","GGAAAATAAAAAAACCACAAA",,,,"Other",1
"sample18","CACGGGTCGACACTGATGTCGGTGAGTGGGCTTTCTGGGAAAATAAAAAAACCGCAAAAAGAGCTTTCCACGTGA","GGAAAATAAAAAAACCGCAAA",,,,"Other",1
"sample18","ACGGGTCGACACTGATGTCGGTGAGTGGGCTTTCTGGGAAAATAAAAAAACCTCAAAAAGAGCTTTCCACGTGAA","GGAAAATAAAAAAACCTCAAA","AAAAAAA",0,0,"sGP",1
"sample18","ACTCACGGGTCGACACTGATGTCGGTGAGTGGGCTTTCTGGGAAAATAAAAAAACCTCAAAAAGAGCTTTCCACG","GGAAAATAAAAAAACCTCAAA","AAAAAAA",0,0,"sGP",1
"sample18","ATGTCTGTGAGTGGGCTTTCTGGGAAAATAAAAAAACCTCAAAAAGAGCTTTCCACGTGAAGAGCTGTCTCTCAC","GGAAAATAAAAAAACCTCAAA","AAAAAAA",0,0,"sGP",1
"sample18","CGACACTGATGTCGGTGAGTGGGCTTTCTGGGAAAATAAAAAAACCTCAAAAAGAGCTTTCCACGTGATGAGCTG","GGAAAATAAAAAAACCTCAAA","AAAAAAA",0,0,"sGP",1
"sample18","CGGCAGGTGAACTCACGGGTCGACACTGATGTCGGTGAGTGGGCTTTCTGGGAAAATAAAAAAACCTCAAAAAGA","GGAAAATAAAAAAACCTCAAA","AAAAAAA",0,0,"sGP",1
"sample18","CGGGCTTTCTGGGAAAATAAAAAAACCTCAAAAAGAGCTTTCCACGTGAAGAGCTGTCTCTCACAGCTGTACCAA","GGAAAATAAAAAAACCTCAAA","AAAAAAA",0,0,"sGP",1
"sample18","CGGGTCGACACTGATGTCGGTGAGTGGGCTTTCTGGGAAAATAAAAAAACCTCAAAAAGAGCTTTCCACGTGATG","GGAAAATAAAAAAACCTCAAA","AAAAAAA",0,0,"sGP",1
"sample18","CGTCGGTGAGTGGGCTTTCTGGGAAAATAAAAAAACCTCAAAAAGAGCTTTCCACGTGAAGAGCTGTCTCTCACA","GGAAAATAAAAAAACCTCAAA","AAAAAAA",0,0,"sGP",1
"sample18","CTCACGGGTCGACACGGATGTCGGTGAGTGGGCTTTCTGGGAAAATAAAAAAACCTCAAAAAGAGCTTTCCACGT","GGAAAATAAAAAAACCTCAAA","AAAAAAA",0,0,"sGP",1
"sample18","CTCACGGGTCGACACTGATGTCGGTGAGTGGGCGTTCTGGGAAAATAAAAAAACCTCAAAAAGAGCTTTCCACGT","GGAAAATAAAAAAACCTCAAA","AAAAAAA",0,0,"sGP",1
"sample18","CTCACGGGTCGACACTGATGTCGGTGAGTGGGCTTTCTGGGAAAATAAAAAAACCTCAAATAGAGCGTTCCACGT","GGAAAATAAAAAAACCTCAAA","AAAAAAA",0,0,"sGP",1
"sample18","CTGGGAAAATAAAAAAACCTCAAAAAGAGCTTTCCACGTGAAGAGCTGTCTCTCAACGCTGTGCCAATAGCCGCT","GGAAAATAAAAAAACCTCAAA","AAAAAAA",0,0,"sGP",1
"sample18","CTGGGAAAATAAAAAAACCTCAAAAAGAGCTTTCCACGTGAAGAGCTGTCTCTCACAGCTGTACAAAGAGCAGCT","GGAAAATAAAAAAACCTCAAA","AAAAAAA",0,0,"sGP",1
"sample18","CTGGGAAAATAAAAAAACCTCAAAAAGAGCTTTCCACGTGAAGAGCTGTCTCTCACAGCTGTACCAAAAGCAGCT","GGAAAATAAAAAAACCTCAAA","AAAAAAA",0,0,"sGP",1
"sample18","CTGGGAAAATAAAAAAACCTCAAAAAGAGCTTTCCACGTGAAGAGCTGTCTCTCACAGCTGTACCAAGCGCAGCT","GGAAAATAAAAAAACCTCAAA","AAAAAAA",0,0,"sGP",1
"sample18","CTTTCTGGGAAAATAAAAAAACCTCAAAAAGAGCTTTCCACGTGAAGAGCTGTCTCTCACAGATGTACCAAGAGC","GGAAAATAAAAAAACCTCAAA","AAAAAAA",0,0,"sGP",1
"sample18","CTTTCTGGGAAAATAAAAAAACCTCAAAAAGAGCTTTCCCCGTGAAGCGCTGTCTCTCACAGCTGTACCAAGAGC","GGAAAATAAAAAAACCTCAAA","AAAAAAA",0,0,"sGP",1
"sample18","GAACTCACGGGTCGACACTGATGTCGGTGAGTGGGCTTTCTGGGAAAATAAAAAAACCTCAAAAAGAGCTTTCCA","GGAAAATAAAAAAACCTCAAA","AAAAAAA",0,0,"sGP",1
"sample18","GATTTGGCAGGTGAACTCACGGTTCGACACTGATGTCGGTGAGTGGGCTTTCTGGGAAAATAAAAAAACCTCAAA","GGAAAATAAAAAAACCTCAAA","AAAAAAA",0,0,"sGP",1
"sample18","GGAAAATAAAAAAACCTCAAAAAGAGATTTCCACGTGAAGAGCTGTCTCTCACAGCTGTCCCAAGACCAGCTGAT","GGAAAATAAAAAAACCTCAAA","AAAAAAA",0,0,"sGP",1
"sample18","GGAAAATAAAAAAACCTCAAAAAGAGCTTTCCACGTGAAGAGCGGTCTCTCACAGCTGTACCAAGAGCAGCTGAT","GGAAAATAAAAAAACCTCAAA","AAAAAAA",0,0,"sGP",1
"sample18","GGCAGGTGAACTCACGGGGCGACACTGATGTCGGTGTGTGGGCTTTCTGGGAAAATAAAAAAACCTCAAAAAGAG","GGAAAATAAAAAAACCTCAAA","AAAAAAA",0,0,"sGP",1
"sample18","GGCAGGTGAACTCACGGGTCGACACTGATGGCGGTGAGTGGGCTTTCTGGGAAAATAAAAAAACCTCAAAAAGAG","GGAAAATAAAAAAACCTCAAA","AAAAAAA",0,0,"sGP",1
"sample18","GGCAGGTGAACTCACGGGTCGACACTGATGTCGGTGAGTGGGCTTTCTGGGAAAATAAAAAAACCTCAAAATGAG","GGAAAATAAAAAAACCTCAAA","AAAAAAA",0,0,"sGP",1
"sample18","GGCGGTGAGTGGGCTTTCTGGGAAAATAAAAAAACCTCAAAAAGAGCTTTCCACGTGAAGAGCTGTCTCTCACAG","GGAAAATAAAAAAACCTCAAA","AAAAAAA",0,0,"sGP",1
"sample18","GGCTTTCTGGGAAAATAAAAAAACCTCAAAAAGACCCTTCCACGTGAAGAGCTGTCTCTCACAGCTGTACCAAGA","GGAAAATAAAAAAACCTCAAA","AAAAAAA",0,0,"sGP",1
"sample18","GGCTTTCTGGGAAAATAAAAAAACCTCAAAAAGAGCTTTCCACGTGAAGAGCTGTCTCTCACAGCTGTACCTAGA","GGAAAATAAAAAAACCTCAAA","AAAAAAA",0,0,"sGP",1
"sample18","GGGAAAATAAAAAAACCTCAAAAAGAGCTTTCCACGTGAAGAGCTGACTCTCACAGCTGTACCAAGAGAAGCTGA","GGAAAATAAAAAAACCTCAAA","AAAAAAA",0,0,"sGP",1
"sample18","GGGAAAATAAAAAAACCTCAAAAAGAGCTTTCCACGTGAAGAGCTGTCTCTCACAGCTGTAACAAGAGCAGCTGA","GGAAAATAAAAAAACCTCAAA","AAAAAAA",0,0,"sGP",1
"sample18","GGGAAAATAAAAAAACCTCAAAAAGAGCTTTCCACGTGAAGAGTTGTCTCTCACAGCTGTACCAAGAGCAGCTGA","GGAAAATAAAAAAACCTCAAA","AAAAAAA",0,0,"sGP",1
"sample18","GGGAAAATAAAAAAACCTCAAAAAGAGCTTTCCACTTGAAGAGCTGTCTCTCACAGCTGTACCAAGAGCAGCTGA","GGAAAATAAAAAAACCTCAAA","AAAAAAA",0,0,"sGP",1
"sample18","GGGCTATCTGGGAAAATAAAAAAACCTCAAAAAGAGCTTTCCACGTGAAGAGCTGTCTCTCACAGCTGTACCAAG","GGAAAATAAAAAAACCTCAAA","AAAAAAA",0,0,"sGP",1
"sample18","GGGCTTTCTGGGAAAATAAAAAAACCTCAAAAAGAGCATACCACGTGAAGAGCTGTCTCTCACACCAGTACCAAG","GGAAAATAAAAAAACCTCAAA","AAAAAAA",0,0,"sGP",1
"sample18","GGGCTTTCTGGGAAAATAAAAAAACCTCAAAAAGAGCTGTCCACGTGAAGAGCTGTCTCTCACAGCTGTACCAAG","GGAAAATAAAAAAACCTCAAA","AAAAAAA",0,0,"sGP",1
"sample18","GGGCTTTCTGGGAAAATAAAAAAACCTCAAAAAGAGCTTTCCACGAGAAGAGCAGTCTCTCACAGCTGAACCAAG","GGAAAATAAAAAAACCTCAAA","AAAAAAA",0,0,"sGP",1
"sample18","GGGCTTTCTGGGAAAATAAAAAAACCTCAAAAAGAGCTTTCCACGTGAAGAGATGTCTCACACAGCTGTACCAAG","GGAAAATAAAAAAACCTCAAA","AAAAAAA",0,0,"sGP",1
"sample18","GGGCTTTCTGGGAAAATAAAAAAACCTCAAAAAGAGCTTTCCACGTGAAGAGCTGTCTCTCACAGCTGTCCCAAG","GGAAAATAAAAAAACCTCAAA","AAAAAAA",0,0,"sGP",1
"sample18","GGGCTTTCTGGGAAAATAAAAAAACCTCAAAAAGAGCTTTCCCCGTGAAGAGCTGTCTCTCACAGCTGTACCAAG","GGAAAATAAAAAAACCTCAAA","AAAAAAA",0,0,"sGP",1
"sample18","GGGGCTTTCTGGGAAAATAAAAAAACCTCAAAAAGAGCTTTCCACGTGAAGAGCTGTCTCTCACAGCTGTACCAA","GGAAAATAAAAAAACCTCAAA","AAAAAAA",0,0,"sGP",1
"sample18","GGGGCTTTCTGGGAAAATAAAAAAACCTCAAAAAGAGCTTTCCACGTGAAGCGCTGTCTCTCACAGCTGTACCAA","GGAAAATAAAAAAACCTCAAA","AAAAAAA",0,0,"sGP",1
"sample18","GGTGAACGCACGGGTCGACACTGATGTCGGTGAGTGGGCTTTCTGGGAAAATAAAAAAACCTCAAAAAGAGCTTT","GGAAAATAAAAAAACCTCAAA","AAAAAAA",0,0,"sGP",1
"sample18","GGTGAACTCACGGGTCGACACTGATGTCGGTGAGCGGGCTTTCTGGGAAAATAAAAAAACCTCAAAAAGAGCTTT","GGAAAATAAAAAAACCTCAAA","AAAAAAA",0,0,"sGP",1
"sample18","GGTGAACTCACGGGTCGACACTGATGTCGGTGAGTGGGCTATCTGGGAAAATAAAAAAACCTCAAAAAGAGCTTT","GGAAAATAAAAAAACCTCAAA","AAAAAAA",0,0,"sGP",1
"sample18","GGTGAACTCACGGGTCGACACTGATGTCGGTGAGTGGGCTTTCAGGGAAAATAAAAAAACCTCAAAAAGAGCTTT","GGAAAATAAAAAAACCTCAAA","AAAAAAA",0,0,"sGP",1
"sample18","GGTGAACTCACGGGTCGACACTGATGTCGGTGAGTGGGCTTTCTGGGAAAATAAAAAAACCTCAAAAAGAGCATT","GGAAAATAAAAAAACCTCAAA","AAAAAAA",0,0,"sGP",1
"sample18","GGTGAACTCACGGGTCGACACTGATGTCGGTGAGTGGGCTTTCTGGGAAAATAAAAAAACCTCAAAAAGAGCGTT","GGAAAATAAAAAAACCTCAAA","AAAAAAA",0,0,"sGP",1
"sample18","GGTGAACTCACGGGTCGACACTGATGTCGGTGAGTGGGCTTTCTGGGAAAATAAAAAAACCTCAAAAAGAGCTCT","GGAAAATAAAAAAACCTCAAA","AAAAAAA",0,0,"sGP",1
"sample18","GGTGAACTCACGGGTCGCCACTGATGTCGGTGAGTGGGCTTTCTGGGAAAATAAAAAAACCTCAAAAAGAGCTTT","GGAAAATAAAAAAACCTCAAA","AAAAAAA",0,0,"sGP",1
"sample18","GGTGAACTCACTGGTCGACACTGATGTCGGTGAGTGGGCTTTATGGGAAAATAAAAAAACCTCAAAATGAGCTTT","GGAAAATAAAAAAACCTCAAA","AAAAAAA",0,0,"sGP",1
"sample18","GGTGAACTCTCGGGTCGACACTGATGTCGGTGAGTGGGCTTTCTGGGAAAATAAAAAAACCTCAAAAAGAGCTTT","GGAAAATAAAAAAACCTCAAA","AAAAAAA",0,0,"sGP",1
"sample18","GTCGACACTGATGTCGGTGAGTGGGCTTTCTGGGAAAATAAAAAAACCTCAAAAAGAGCTTTCCACGTGAAGAGA","GGAAAATAAAAAAACCTCAAA","AAAAAAA",0,0,"sGP",1
"sample18","GTCGGTGAGTGGGCTTTCTGGGAAAATAAAAAAACCTCAAAACGAGCTTTCCACGTGAAGAGCTGTCTCTCACAG","GGAAAATAAAAAAACCTCAAA","AAAAAAA",0,0,"sGP",1
"sample18","GTGAACGCACGGGTCGACACTGATGTCGGTGAGTGGGCTTTCTGGGAAAATAAAAAAACCTCAAAAAGAGCTTTC","GGAAAATAAAAAAACCTCAAA","AAAAAAA",0,0,"sGP",1
"sample18","GTGAACTCACGGGTCGACACTGATGTCGGTGAGTGGGCTTTCTGGGAAAATAAAAAAACCTCAAAAAGCGCTTTC","GGAAAATAAAAAAACCTCAAA","AAAAAAA",0,0,"sGP",1
"sample18","GTGGGCTTTCTGGGAAAATAAAAAAACCTCAAAAAGAGCTTTCCACGTGAAGAGCTGTCTCTCACAGCTGTACAA","GGAAAATAAAAAAACCTCAAA","AAAAAAA",0,0,"sGP",1
"sample18","GTGGGCTTTCTGGGAAAATAAAAAAACCTCAAAAAGAGCTTTCCACGTGAAGAGCTGTCTCTCACAGCTGTACCC","GGAAAATAAAAAAACCTCAAA","AAAAAAA",0,0,"sGP",1
"sample18","GTGGGCTTTCTGGGAAAATAAAAAAACCTCAAAAAGAGCTTTCCACGTGATGAGCTGGCTCTCACAGCTGTACCA","GGAAAATAAAAAAACCTCAAA","AAAAAAA",0,0,"sGP",1
"sample18","TCACGGGTCGACACTGATGTCGGTGAGTGGGCTTTCTGGGAAAATAAAAAAACCTCAAAAAGAGCTTTCCACGTG","GGAAAATAAAAAAACCTCAAA","AAAAAAA",0,0,"sGP",1
"sample18","TCGACACTGATATCGGTGAGTGGGCTTTCTGGGAAAATAAAAAAACCTCAAAAAGAGCTTTCCACGTGAAGAGCT","GGAAAATAAAAAAACCTCAAA","AAAAAAA",0,0,"sGP",1
"sample18","TCTGGGAAAATAAAAAAACCTCAAAAAGAGCTTTCCACGTGAAGAGCTGTCTCTCACAGCTGTACCAAGAGCACG","GGAAAATAAAAAAACCTCAAA","AAAAAAA",0,0,"sGP",1
"sample18","TCTGGGAAAATAAAAAAACCTCAAAAAGAGCTTTCCACGTGAAGCGCTGACTCTCACAGCTGTACCAAGAGCAGC","GGAAAATAAAAAAACCTCAAA","AAAAAAA",0,0,"sGP",1
"sample18","TGAACTCACGGTTCGACACTGATGTCGGTGAGTGGGCTTTCTGGGAAAATAAAAAAACCTCAAAAAGAGCTTTCC","GGAAAATAAAAAAACCTCAAA","AAAAAAA",0,0,"sGP",1
"sample18","TGAGTGGGCTTTCTGGGAAAATAAAAAAACCTCAAAAAGAGCTTTCCACGTGAAGAGCTGTCTCTCACAGCTGTA","GGAAAATAAAAAAACCTCAAA","AAAAAAA",0,0,"sGP",1
"sample18","TGAGTGGGCTTTCTGGGAAAATAAAAAAACCTCAAAAAGAGCTTTCCACGTGAAGAGCTGTCTCTCACCGCTGTA","GGAAAATAAAAAAACCTCAAA","AAAAAAA",0,0,"sGP",1
"sample18","TGGCAGGTGAACTCACGGGTCGACACTGATGTCGGTGACTGGGCGTTCTGGGAAAATAAAAAAACCTCAAAAAGA","GGAAAATAAAAAAACCTCAAA","AAAAAAA",0,0,"sGP",1
"sample18","TGGCAGGTGAACTCACGGGTCGACACTGATGTCGGTGAGTGGGCTTTCTTGGAAAATAAAAAAACCTCAAAAAGA","GGAAAATAAAAAAACCTCAAA","AAAAAAA",0,0,"sGP",1
"sample18","TGGCGGTGAGTGGGCTTTCTGGGAAAATAAAAAAACCTCAAAAAGAGCTTTCCACGTGAAGAGCTGTCTCTCACA","GGAAAATAAAAAAACCTCAAA","AAAAAAA",0,0,"sGP",1
"sample18","TGGGAAAATAAAAAAACCTCAAAAAGAGCTTTCCACGTGAAGAGCTGTCTCTCACAGCTGTAACAAGAGCAGCTG","GGAAAATAAAAAAACCTCAAA","AAAAAAA",0,0,"sGP",1
"sample18","TGGGAAAATAAAAAAACCTCAAAAAGCGCTTTCAACGTGAAGAGCTGTCTCTCACAGCTGTCCCAATAGCAGCTC","GGAAAATAAAAAAACCTCAAA","AAAAAAA",0,0,"sGP",1
"sample18","TGGGCTTTCTGGGAAAATAAAAAAACCTCAAAAAGAGATTTCCACGTGATGAGCTGTCTCTCACAGCTGTACCAA","GGAAAATAAAAAAACCTCAAA","AAAAAAA",0,0,"sGP",1
"sample18","TGGGCTTTCTGGGAAAATAAAAAAACCTCAAAAAGAGCTTTCCGCGTGAGGAGCTGTCTCTCACAGCTGTACCAA","GGAAAATAAAAAAACCTCAAA","AAAAAAA",0,0,"sGP",1
"sample18","TGGGTCGACACTGATGTCGGTGAGTGGGCTTTCTGGGAAAATAAAAAAACCTCAAAAAGAGCTTTCCACGTGAAG","GGAAAATAAAAAAACCTCAAA","AAAAAAA",0,0,"sGP",1
"sample18","TGGTGAGAGGGCTTTCTGGGAAAATAAAAAAACCTCAAAAAGAGCTTTCCACGTGAAGAGCTGTCTCTCACAGCT","GGAAAATAAAAAAACCTCAAA","AAAAAAA",0,0,"sGP",1
"sample18","TGGTGAGTGGGCTTTCTGGGAAAATAAAAAAACCTCAAAAAGAGCTTTCCACGTGAAGAGCTGTCTCTCACAGCT","GGAAAATAAAAAAACCTCAAA","AAAAAAA",0,0,"sGP",1
"sample18","TTCTGGGAAAATAAAAAAACCTCAAAAAGAGCTTTCCACGTGAAGAGCTGTCTCTCACAGCTGTACCAAGAGCTT","GGAAAATAAAAAAACCTCAAA","AAAAAAA",0,0,"sGP",1
"sample18","TTGGCAGGTGAACTCACGGGTCGACACTGATGTCGGTGAGGGGGCTTTCTGGGAAAATAAAAAAACCTCAAAAAG","GGAAAATAAAAAAACCTCAAA","AAAAAAA",0,0,"sGP",1
"sample18","TTGGCTTTCTGGGAAAATAAAAAAACCTCAAAAAGAGCTTTCCACGTGAAGAGCTGTCTCTCACAGCTGTACCAA","GGAAAATAAAAAAACCTCAAA","AAAAAAA",0,0,"sGP",1
"sample18","TTTCTGGGAAAATAAAAAAACCTCAAAAAGAGCTTTCCACGTGAAGAGCTGTCTCTCACAGCTGTACCAAGCGCA","GGAAAATAAAAAAACCTCAAA","AAAAAAA",0,0,"sGP",1
"sample18","TTTCTGGGAAAATAAAAAAACCTCAAAAAGAGCTTTCCACGTGAATAGCTGTCTCTCACAGCTGTACCAAGAGCA","GGAAAATAAAAAAACCTCAAA","AAAAAAA",0,0,"sGP",1
"sample18","TTTCTGGGAAAATAAAAAAACCTCAAAAAGAGCTTTCCACTTGAAGAGCTGTCTCTCACAGCTGTACCAAGAGCA","GGAAAATAAAAAAACCTCAAA","AAAAAAA",0,0,"sGP",1
"sample18","TTTGGCAGGTGAACTCACGGGTCGACACTGATGTCGGTGAGTGGGCTTTCTGGGAAAATAAAAAAACCTCAAAAA","GGAAAATAAAAAAACCTCAAA","AAAAAAA",0,0,"sGP",1
"sample18","TGGTGAGTGGGCTTTCTGGGAAAATAAAAAAACCTCAAGAAGAGATTTCCACGTGAAGAGCTGTCTCGCACAACT","GGAAAATAAAAAAACCTCAAG","AAAAAAA",0,0,"sGP",1
"sample18","GGTGAACTCACGGGTCGACACTGATGACGGTGAGTGGGCTTTCTGGGAAAATAAAAAAACCTCAATAAGAGCTTT","GGAAAATAAAAAAACCTCAAT","AAAAAAA",0,0,"sGP",1
"sample18","GGGCTTTCTGGGAAAATAAAAAAACCTCACAAAGAGCTTTCCACGTGAAGAGCTGTCTCTCACAGCTGGACCAGG","GGAAAATAAAAAAACCTCACA","AAAAAAA",0,0,"sGP",1
"sample18","GGAAAATAAAAAAACCTCATAAAGAGCTTTCCACGTGAAGAGCTGTCTCTCACAGCTGTACCAAGAGCAGCTGAT","GGAAAATAAAAAAACCTCATA","AAAAAAA",0,0,"sGP",1
"sample18","GGTGAGTGGGCTTTCTGGGAAAATAAAAAAACCTCATAAAGAGCTTTCCACGTGAAGAGCTGTCTCTCACAGCTG","GGAAAATAAAAAAACCTCATA","AAAAAAA",0,0,"sGP",1
"sample18","CGGTGAGTGGGCTTTCTGGGAAAATAAAAAAACCTCTAAAAGAGCTTTCCACGTGAAGAGCTGTCTCTCACAGCT","GGAAAATAAAAAAACCTCTAA",,,,"Other",1
"sample18","ATTTGGCAGGTGAACTCACGGGTCGACACTGAAGTCGGTGAGTGGGCTTTCTGGGAAAATAAAAAAACCTTAAAA","GGAAAATAAAAAAACCTTAAA",,,,"Other",1
"sample18","GGCAGGTGAACTCACGGGTCGCCACTGATGTCGGTGAGTGGGCTTTCTGGGAAAATAAAAAAACGTCAAAAAGAG","GGAAAATAAAAAAACGTCAAA","AAAAAAA",0,0,"sGP",1
"sample18","TGAACTCACGGGTCGACACTGATGTCGGTGAGTGGGCTTTCTGGGAAAATAAAAAACCCACAAAAAGCGCTTGCC","GGAAAATAAAAAACCCACAAA",,,,"Other",1
"sample18","CTCACGGGTCGACACTGATGTCGGTGAGTGGGCTTTCTGGGAAAATAAAAAACCCTCAAAAAGAGCTTTCCACGT","GGAAAATAAAAAACCCTCAAA","AAAAAAC",0,0,"sGP",1
"sample18","CTTTCTGGGAAAATAAAAAACCCTCAAAAAGAGCTTTCCACGTGAAGAGCTGTCTCTCACAGCTGTACCAAGAGC","GGAAAATAAAAAACCCTCAAA","AAAAAAC",0,0,"sGP",1
"sample18","GGCAGGTGAACTCACGGGTCGACACTGATGTCGGTGAGTGGGCTTTCTGGGAAAATAAAAAACCCTCAAAAAGAG","GGAAAATAAAAAACCCTCAAA","AAAAAAC",0,0,"sGP",1
"sample18","GGGAAAATAAAAAACCCTCAAAAAGAGCTTTCCACGTGAAGAGCTGTCTCTCACAGCTGTACCAAGAGCAGCTGA","GGAAAATAAAAAACCCTCAAA","AAAAAAC",0,0,"sGP",1
"sample18","GGTGAACTCACGGGTCGACACTGATGTCGGTGAGTGGGCTTTCTGGGAAAATAAAAAACCCTCAAAAAGAGCTTT","GGAAAATAAAAAACCCTCAAA","AAAAAAC",0,0,"sGP",1
"sample18","GGTGAACTCACGGGTCGACACTGATGTCGGTGAGTGGGCTTTCTGGGAAAATAAAAAACCCTCAAAAAGCGCTTT","GGAAAATAAAAAACCCTCAAA","AAAAAAC",0,0,"sGP",1
"sample18","GGTGAACTCACGGGTCGACCCTGATGTCGGTGAGTGGGCTTTCTGGGAAAATAAAAAACCCTCAAAAAGAGCTAT","GGAAAATAAAAAACCCTCAAA","AAAAAAC",0,0,"sGP",1
"sample18","TTCTGGGAAAATAAAAAACCCTCAAAAAGAGCTTTCCACGTGAAGAGCTGTCTCTCACAGCTGTACCAAGAGCAG","GGAAAATAAAAAACCCTCAAA","AAAAAAC",0,0,"sGP",1
"sample18","GTGGGCTTTCTGGGAAAATAAAAAACCTCAAAGAGAGCTTTCCACGTGAAGAGCTGTCTCTCACAGCTGTACCAA","GGAAAATAAAAAACCTCAAAG","AAAAAA",-1,2,"ssGP",1
"sample18","CTGGGAAAATAAAAAATCCTCAAAAAGGGCTTTCCACGTGAAGAGCTGTCTCTCACAGCTGTACCAAGAGCAGCT","GGAAAATAAAAAATCCTCAAA","AAAAAAT",0,0,"sGP",1
"sample18","GAAATCACTGGTAGACACTGCTGTCGGTGATTGGTCTTTCTGGGAAAATAAAAAATCCTCTAAAATAGCTTTCCA","GGAAAATAAAAAATCCTCTAA",,,,"Other",1
"sample18","GCTTTCTGGGAAAATAAAAATACCTCAAAAAGAGCTTTCCACGTGAAGAGCTGTCTCTCACAGCTGTACCAAGAG","GGAAAATAAAAATACCTCAAA","AAAAATA",0,0,"sGP",1
"sample18","GGTGAACTCACGGGTCGACACTGATGTCGGTGAGTGGGATTTCTGGGAAAATAAAAATACCTCAAAAAGAGCTTG","GGAAAATAAAAATACCTCAAA","AAAAATA",0,0,"sGP",1
"sample18","GGTGAACTCACGGGTCGACACTGCTGTCGGTGAGGGGGCTTTCTGGGAAAATAAAACAACCTCAAAAAGACATTT","GGAAAATAAAACAACCTCAAA","AAAACAA",0,0,"sGP",1
"sample18","GATTTGGCAGGTGAACTCACGGGTCGCCACTGATGTCGGTGAGTGGGCTTTCTGGGAAAATAAAAGAACCTCAAA","GGAAAATAAAAGAACCTCAAA","AAAAGAA",0,0,"sGP",1
"sample18","GGTGAACTCACGGGTCGCCACTGATGTCGGTGAGTGGGCTTTCTGGGAAACTAAAAAAACCTCAAAAAGAGCTAT","GGAAACTAAAAAAACCTCAAA",,,,"Other",1
"sample18","GCGGGTGAACTCACGGGTCGACACTGATGTCGGTGAGTGGGCTTTCTTGGATAATAAAAAAACCTCAAAAAGAGC","GGATAATAAAAAAACCTCAAA","AAAAAAA",0,0,"sGP",1
"sample18","GGTGAACTCACGGGTCGACACTGATGTCGGTGAGTGCGCTTTCTGGGCAAATAAAAAAGCCTCAAAAGTAGCTTT","GGCAAATAAAAAAGCCTCAAA","AAAAAAG",0,0,"sGP",1
"sample18","TGTGAACTCACTGGTCGACAATGAAGTCGGTGAGAGGGCTTTCTGGTAAAATAAAAAAACCTCAAAAAGATCTTT","GTAAAATAAAAAAACCTCAAA","AAAAAAA",0,0,"sGP",1
"sample18","GATTTGGCAGGTGAACTCACGGGTCGACACTGATGTCGGTGAGTGGGCTTTCTGTGAAAATAAAAAAACCTCAAA","TGAAAATAAAAAAACCTCAAA","AAAAAAA",0,0,"sGP",1
"sample20","GGTGAACTCACGGGTCGACACTGATGTCGGTGAGTGGGCTTTCTGGGAAAATAAAAAAACCTCAAAAAGAGCTTT","GGAAAATAAAAAAACCTCAAA","AAAAAAA",0,0,"sGP",31
"sample20","GTGAACTCACGGGTCGACACTGATGTCGGTGAGTGGGCTTTCTGGGAAAATAAAAAAACCTCAAAAAGAGCTTTC","GGAAAATAAAAAAACCTCAAA","AAAAAAA",0,0,"sGP",28
"sample20","GGAAAATAAAAAAACCTCAAAAAGAGCTTTCCACGTGAAGAGCTGTCTCTCACAGCTGTACCAAGAGCAGCTGAT","GGAAAATAAAAAAACCTCAAA","AAAAAAA",0,0,"sGP",24
"sample20","GGGCTTTCTGGGAAAATAAAAAAACCTCAAAAAGAGCTTTCCACGTGAAGAGCTGTCTCTCACAGCTGTACCAAG","GGAAAATAAAAAAACCTCAAA","AAAAAAA",0,0,"sGP",24
"sample20","CTTTCTGGGAAAATAAAAAAACCTCAAAAAGAGCTTTCCACGTGAAGAGCTGTCTCTCACAGCTGTACCAAGAGC","GGAAAATAAAAAAACCTCAAA","AAAAAAA",0,0,"sGP",17
"sample20","GGGAAAATAAAAAAACCTCAAAAAGAGCTTTCCACGTGAAGAGCTGTCTCTCACAGCTGTACCAAGAGCAGCTGA","GGAAAATAAAAAAACCTCAAA","AAAAAAA",0,0,"sGP",16
"sample20","GTGGGCTTTCTGGGAAAATAAAAAAACCTCAAAAAGAGCTTTCCACGTGAAGAGCTGTCTCTCACAGCTGTACCA","GGAAAATAAAAAAACCTCAAA","AAAAAAA",0,0,"sGP",15
"sample20","GGCTTTCTGGGAAAATAAAAAAACCTCAAAAAGAGCTTTCCACGTGAAGAGCTGTCTCTCACAGCTGTACCAAGA","GGAAAATAAAAAAACCTCAAA","AAAAAAA",0,0,"sGP",14
"sample20","GCTTTCTGGGAAAATAAAAAAACCTCAAAAAGAGCTTTCCACGTGAAGAGCTGTCTCTCACAGCTGTACCAAGAG","GGAAAATAAAAAAACCTCAAA","AAAAAAA",0,0,"sGP",13
"sample20","GGCAGGTGAACTCACGGGTCGACACTGATGTCGGTGAGTGGGCTTTCTGGGAAAATAAAAAAACCTCAAAAAGAG","GGAAAATAAAAAAACCTCAAA","AAAAAAA",0,0,"sGP",12
"sample20","CTGGGAAAATAAAAAAACCTCAAAAAGAGCTTTCCACGTGAAGAGCTGTCTCTCACAGCTGTACCAAGAGCAGCT","GGAAAATAAAAAAACCTCAAA","AAAAAAA",0,0,"sGP",11
"sample20","GTCGACACTGATGTCGGTGAGTGGGCTTTCTGGGAAAATAAAAAAACCTCAAAAAGAGCTTTCCACGTGAAGAGC","GGAAAATAAAAAAACCTCAAA","AAAAAAA",0,0,"sGP",11
"sample20","AACTCACGGGTCGACACTGATGTCGGTGAGTGGGCTTTCTGGGAAAATAAAAAAACCTCAAAAAGAGCTTTCCAC","GGAAAATAAAAAAACCTCAAA","AAAAAAA",0,0,"sGP",10
"sample20","CGGTGAGTGGGCTTTCTGGGAAAATAAAAAAACCTCAAAAAGAGCTTTCCACGTGAAGAGCTGTCTCTCACAGCT","GGAAAATAAAAAAACCTCAAA","AAAAAAA",0,0,"sGP",9
"sample20","TGGGAAAATAAAAAAACCTCAAAAAGAGCTTTCCACGTGAAGAGCTGTCTCTCACAGCTGTACCAAGAGCAGCTG","GGAAAATAAAAAAACCTCAAA","AAAAAAA",0,0,"sGP",9
"sample20","TGGGCTTTCTGGGAAAATAAAAAAACCTCAAAAAGAGCTTTCCACGTGAAGAGCTGTCTCTCACAGCTGTACCAA","GGAAAATAAAAAAACCTCAAA","AAAAAAA",0,0,"sGP",9
"sample20","CGGGTCGACACTGATGTCGGTGAGTGGGCTTTCTGGGAAAATAAAAAAACCTCAAAAAGAGCTTTCCACGTGAAG","GGAAAATAAAAAAACCTCAAA","AAAAAAA",0,0,"sGP",8
"sample20","GATTTGGCAGGTGAACTCACGGGTCGACACTGATGTCGGTGAGTGGGCTTTCTGGGAAAATAAAAAAACCTCAAA","GGAAAATAAAAAAACCTCAAA","AAAAAAA",0,0,"sGP",8
"sample20","GGTGAGTGGGCTTTCTGGGAAAATAAAAAAACCTCAAAAAGAGCTTTCCACGTGAAGAGCTGTCTCTCACAGCTG","GGAAAATAAAAAAACCTCAAA","AAAAAAA",0,0,"sGP",8
"sample20","GAACTCACGGGTCGACACTGATGTCGGTGAGTGGGCTTTCTGGGAAAATAAAAAAACCTCAAAAAGAGCTTTCCA","GGAAAATAAAAAAACCTCAAA","AAAAAAA",0,0,"sGP",7
"sample20","CACGGGTCGACACTGATGTCGGTGAGTGGGCTTTCTGGGAAAATAAAAAAACCTCAAAAAGAGCTTTCCACGTGA","GGAAAATAAAAAAACCTCAAA","AAAAAAA",0,0,"sGP",6
"sample20","TGGCAGGTGAACTCACGGGTCGACACTGATGTCGGTGAGTGGGCTTTCTGGGAAAATAAAAAAACCTCAAAAAGA","GGAAAATAAAAAAACCTCAAA","AAAAAAA",0,0,"sGP",6
"sample20","TTGGCAGGTGAACTCACGGGTCGACACTGATGTCGGTGAGTGGGCTTTCTGGGAAAATAAAAAAACCTCAAAAAG","GGAAAATAAAAAAACCTCAAA","AAAAAAA",0,0,"sGP",6
"sample20","CGGGCTTTCTGGGAAAATAAAAAAACCTCAAAAAGAGCTTTCCACGTGAAGAGCTGTCTCTCACAGCTGTACCAA","GGAAAATAAAAAAACCTCAAA","AAAAAAA",0,0,"sGP",5
"sample20","TTCTGGGAAAATAAAAAAACCTCAAAAAGAGCTTTCCACGTGAAGAGCTGTCTCTCACAGCTGTACCAAGAGCAG","GGAAAATAAAAAAACCTCAAA","AAAAAAA",0,0,"sGP",5
"sample20","TTTCTGGGAAAATAAAAAAACCTCAAAAAGAGCTTTCCACGTGAAGAGCTGTCTCTCACAGCTGTACCAAGAGCA","GGAAAATAAAAAAACCTCAAA","AAAAAAA",0,0,"sGP",5
"sample20","TTTGGCAGGTGAACTCACGGGTCGACACTGATGTCGGTGAGTGGGCTTTCTGGGAAAATAAAAAAACCTCAAAAA","GGAAAATAAAAAAACCTCAAA","AAAAAAA",0,0,"sGP",5
"sample20","CAGGTGAACTCACGGGTCGACACTGATGTCGGTGAGTGGGCTTTCTGGGAAAATAAAAAAACCTCAAAAAGAGCT","GGAAAATAAAAAAACCTCAAA","AAAAAAA",0,0,"sGP",4
"sample20","TCTGGGAAAATAAAAAAACCTCAAAAAGAGCTTTCCACGTGAAGAGCTGTCTCTCACAGCTGTACCAAGAGCAGC","GGAAAATAAAAAAACCTCAAA","AAAAAAA",0,0,"sGP",4
"sample20","GGTGAACTCACGGGTCGACACTGATGTCGGTGAGTGGGCTTTCTGGGAAAATAAAAAAACCTCAAAAAGCTTTCC","GGAAAATAAAAAAACCTCAAA","AAAAAAA",0,0,"sGP",3
"sample20","GTCGGTGAGTGGGCTTTCTGGGAAAATAAAAAAACCTCAAAAAGAGCTTTCCACGTGAAGAGCTGTCTCTCACAG","GGAAAATAAAAAAACCTCAAA","AAAAAAA",0,0,"sGP",3
"sample20","TGGGAAAATAAAAAAACCTCAAAAAGCTTTCCACGTGAAGAGCTGTCTCTCACAGCTGTACCAAGAGCAGCTGAT","GGAAAATAAAAAAACCTCAAA","AAAAAAA",0,0,"sGP",3
"sample20","CACGGGTCGACACTGATGTCGGTGAGTGGGCTTTCTGGGAAAATAAAAAAAACCTCAAAAAGAGCTTTCCACGTG","GGAAAATAAAAAAAACCTCAA","AAAAAAAA",1,1,"GP",2
"sample20","CTCACGGGTCGACACTGATGTCGGTGAGTGGGCTTTCTGGGAAAATAAAAAAAACCTCAAAAAGAGCTTTCCACG","GGAAAATAAAAAAAACCTCAA","AAAAAAAA",1,1,"GP",2
"sample20","GGCAGGTGAACTCACGGGTCGACACTGATGTCGGTGAGTGGGCTTTCTGGGAAAATAAAAAAAACCTCAAAAAGA","GGAAAATAAAAAAAACCTCAA","AAAAAAAA",1,1,"GP",2
"sample20","GGTGAACTCACGGGTCGACACTGATGTCGGTGAGTGGGCTTTCTGGGAAAATAAAAAAAACCTCAAAAAGAGCTT","GGAAAATAAAAAAAACCTCAA","AAAAAAAA",1,1,"GP",2
"sample20","CGACACTGATGTCGGTGAGTGGGCTTTCTGGGAAAATAAAAAAACCTCAAAAAGAGCTTTCCACGTGAAGAGCTG","GGAAAATAAAAAAACCTCAAA","AAAAAAA",0,0,"sGP",2
"sample20","CGGCAGGTGAACTCACGGGTCGACACTGATGTCGGTGAGTGGGCTTTCTGGGAAAATAAAAAAACCTCAAAAAGA","GGAAAATAAAAAAACCTCAAA","AAAAAAA",0,0,"sGP",2
"sample20","CTCACGGGTCGACACTGATGTCGGTGAGTGGGCTTTCTGGGAAAATAAAAAAACCTCAAAAAGAGCTTTCCACGT","GGAAAATAAAAAAACCTCAAA","AAAAAAA",0,0,"sGP",2
"sample20","CTGGGAAAATAAAAAAACCTCAAAAAGAGCTTTCCACGTGAAGAGCTGTCTCTCACAGCTGTACCAAGCGCAGCT","GGAAAATAAAAAAACCTCAAA","AAAAAAA",0,0,"sGP",2
"sample20","GGAAAATAAAAAAACCTCAAAAAGAGCTTTCCACGTGAAGAGCTGTCTCTCACAGCTGTACCAAGCGCAGCTGAT","GGAAAATAAAAAAACCTCAAA","AAAAAAA",0,0,"sGP",2
"sample20","GGCGGGTGAACTCACGGGTCGACACTGATGTCGGTGAGTGGGCTTTCTGGGAAAATAAAAAAACCTCAAAAAGAG","GGAAAATAAAAAAACCTCAAA","AAAAAAA",0,0,"sGP",2
"sample20","GGGTGAACTCACGGGTCGACACTGATGTCGGTGAGTGGGCTTTCTGGGAAAATAAAAAAACCTCAAAAAGAGCTT","GGAAAATAAAAAAACCTCAAA","AAAAAAA",0,0,"sGP",2
"sample20","GTGAGTGGGCTTTCTGGGAAAATAAAAAAACCTCAAAAAGAGCTTTCCACGTGAAGAGCTGTCTCTCACAGCTGT","GGAAAATAAAAAAACCTCAAA","AAAAAAA",0,0,"sGP",2
"sample20","TCACGGGTCGACACTGATGTCGGTGAGTGGGCTTTCTGGGAAAATAAAAAAACCTCAAAAAGAGCTTTCCACGTG","GGAAAATAAAAAAACCTCAAA","AAAAAAA",0,0,"sGP",2
"sample20","CTGCGAAAATAAAAAAACCTCAAAAAGAGCTTTCCACCTGAAGAGCTGACTCTCACAGCTGTACCAAGAGCAGCT","CGAAAATAAAAAAACCTCAAA","AAAAAAA",0,0,"sGP",1
"sample20","GTCGACNCTGATGTCGGTGAGTCGGCTTTCTGGCAAAATAAAAAAACCTCAAAAAGAGCTTTCCACGTGAAGAGC","GCAAAATAAAAAAACCTCAAA","AAAAAAA",0,0,"sGP",1
"sample20","GGTGAGTGGGCTTTATGGGAAAAAAAAAAAACCTCAAAAAGCGCTTTCCACGTGAAGAGCTGTCTCTCACAGCTG","GGAAAAAAAAAAAACCTCAAA",,,,"Other",1
"sample20","TTCTGGGAAAAAAAAAAAACCTCAAAACGAGCTTTCCACGATAAGAGCAGTCTCTCACAGCTCAACCAACAGCAC","GGAAAAAAAAAAAACCTCAAA",,,,"Other",1
"sample20","GTGAACTCACGGGTCGACACTGATGTCGGTGAGTGGGCTTTCTGGGAAAATAAAAAAAAAAAAAAACCTAAAAAA","GGAAAATAAAAAAAAAAAAAA",,,,"Other",1
"sample20","CAGGTGAACTCACGGGTCGACACTGATGTCGGTGAGTGGGCTTTCTGGGAAAATAAAAAAAACCACAAAAAGAGC","GGAAAATAAAAAAAACCACAA",,,,"Other",1
"sample20","AGTGGGCTTTCTGGGAAAATAAAAAAAACCTCAAAAAGAGCTTTCCACGTGAAGAGCTGTCTCTCACAGCTGTAC","GGAAAATAAAAAAAACCTCAA","AAAAAAAA",1,1,"GP",1
"sample20","CCTTTCTGGGAAAATAAAAAAAACCTCAAAAAGAGCTTTCCACGTGAAGAGCTGTCTCTCACAGCTGTACCAAGA","GGAAAATAAAAAAAACCTCAA","AAAAAAAA",1,1,"GP",1
"sample20","GAGTGGGCTTTCTGGGAAAATAAAAAAAACCTCAAAAAGAGCTTTCCACGTGAAGAGCTGTCTCTCACAGCTGTA","GGAAAATAAAAAAAACCTCAA","AAAAAAAA",1,1,"GP",1
"sample20","GCAGGTGAACTCACGGGTCGACACTGATGTCGGTGAGTGGGCTTTCTGGGAAAATAAAAAAAACCTCAAAAAGAG","GGAAAATAAAAAAAACCTCAA","AAAAAAAA",1,1,"GP",1
"sample20","GGCTTTCTGGGAAAATAAAAAAAACCTCAAAAAGAGCTTTCCACGTGAAGAGCTGTCTCTCACAGCTGTACCAAG","GGAAAATAAAAAAAACCTCAA","AAAAAAAA",1,1,"GP",1
"sample20","GGGCAGGTGAACTCACGGGTCGACACTGATGTCGGTGAGTGGGCTTTCTGGGAAAATAAAAAAAACCTCAAAAAG","GGAAAATAAAAAAAACCTCAA","AAAAAAAA",1,1,"GP",1
"sample20","GGGGCTTTCTGGGAAAATAAAAAAAACCTCAAAAAGAGCTTTCCACGTGAAGAGCTGTCTCTCACAGCTGTACCA","GGAAAATAAAAAAAACCTCAA","AAAAAAAA",1,1,"GP",1
"sample20","GTGGGCTTTCTGGGAAAATAAAAAAAACCTCAAAAAGAGCTTTCCACGTGAAGAGCTGTCTCTCACAGCTGTACC","GGAAAATAAAAAAAACCTCAA","AAAAAAAA",1,1,"GP",1
"sample20","TCACGGGTCGACACTGATGTCGGTGAGTGGGCTTTCTGGGAAAATAAAAAAAACCTCAAAAAGAGCTTTCCACGT","GGAAAATAAAAAAAACCTCAA","AAAAAAAA",1,1,"GP",1
"sample20","TGAACTCACGGGTCGACACTGATGGCGGTGAGTGCGCTTTCTGGGAAAATAAAAAAAACCTCAAAAAGAGCTTTC","GGAAAATAAAAAAAACCTCAA","AAAAAAAA",1,1,"GP",1
"sample20","TGAACTCACGGGTCGCCACTGATGTCGGTGAGTGGGCTTTCTGGGAAAATAAAAAAAACCTCAAAAAGAGCTTTC","GGAAAATAAAAAAAACCTCAA","AAAAAAAA",1,1,"GP",1
"sample20","TGGCAGGTGAACTCACGGGTCGACACTGATGTCGGTGAGTGGGCTTTCTGGGAAAATAAAAAAAACCTCAAAAAG","GGAAAATAAAAAAAACCTCAA","AAAAAAAA",1,1,"GP",1
"sample20","GGGTGATTGGGCTTTCTGGGAAAATAAAAAAAACTCAAAAAGAGATTTCCAAGTGAAGATCTTTCTATCACAGGT","GGAAAATAAAAAAAACTCAAA","AAAAAAA",0,0,"sGP",1
"sample20","GGTGAGTGGGCTTTCTGGGAAAATAAAAAAAACTCAAAAAGAGCTTTCCACGTGAAGAGCTGTCTCTCACAGCTG","GGAAAATAAAAAAAACTCAAA","AAAAAAA",0,0,"sGP",1
"sample20","GTGAACTCACTGGTCGACACTGAGGTCGGTGAGTGGGCTTTCTGGGAAAATAAAAAAAACTCAAAAAGAGCTTTC","GGAAAATAAAAAAAACTCAAA","AAAAAAA",0,0,"sGP",1
"sample20","CGGCAGGTGAACTCACGGGTCGACACTGATGTCGGTGAGTGGGATTTCTGGGAAAATAAAAAAACATCAAAAAGA","GGAAAATAAAAAAACATCAAA","AAAAAAA",0,0,"sGP",1
"sample20","CGGGTGAACTCACGGGTCGACACTGATGTCGGTGAGTGGGCTATCTGGGAAAATAAAAAAACATCAAAAAGAGAT","GGAAAATAAAAAAACATCAAA","AAAAAAA",0,0,"sGP",1
"sample20","GGGAAAATAAAAAAACATCAAAAAGAGATTTCCACGTGAAGAGCTGTCTCTCACAGCTGTACAAAGAGCAGCTGA","GGAAAATAAAAAAACATCAAA","AAAAAAA",0,0,"sGP",1
"sample20","GTGAACTCACGGGTCGACACTGATGTCGGTGAGTGGGCTTTCTGGGAAAATAAAAAAACATCAAAAAGAGCTTTC","GGAAAATAAAAAAACATCAAA","AAAAAAA",0,0,"sGP",1
"sample20","GTGGGCTTTCTGGGAAAATAAAAAAACATCAAAAAGAGCTTTCCACGTGAAGAGCTGTCTCTCACAGCTGTCCCA","GGAAAATAAAAAAACATCAAA","AAAAAAA",0,0,"sGP",1
"sample20","TTTCTGGGAAAATAAAAAAACATCAAAAAGAGCTTTCCACGTGAAGAGCTGTCTCTCACAGCTGTACCAAGAGCA","GGAAAATAAAAAAACATCAAA","AAAAAAA",0,0,"sGP",1
"sample20","GAACTCACGGGTCGACACTGATGTCGGTGAGTGGGCTTTCTGGGAAAATAAAAAAACCACAAAAAGAGCTTTCCA","GGAAAATAAAAAAACCACAAA",,,,"Other",1
"sample20","GGTCGACACTGATGTCGGTGAGTGGGCTTTCTGGGAAAATAAAAAAACCACAAAAAGAGAATTAACACCACGGGC","GGAAAATAAAAAAACCACAAA",,,,"Other",1
"sample20","GGTGAACTCACGGGTCGCCACTGATGTCGGTGAGTGGGCTTTCTGGGAAAATAAAAAAACCACAAAAAGCGCTTT","GGAAAATAAAAAAACCACAAA",,,,"Other",1
"sample20","GTCAACTCACGGGTCGACACTGATGTCGGTGAGTGCGCTTTCTGGGAAAATAAAAAAACCACAAAAAGAGCAATC","GGAAAATAAAAAAACCACAAA",,,,"Other",1
"sample20","ATTTGGCAGGTGAACTCACGGGTCGACACTGATGTCGGTGAGTGGGCTTTCTGGGAAAATAAAAAAACCGCAAAA","GGAAAATAAAAAAACCGCAAA",,,,"Other",1
"sample20","GTGAGTGGGCTTTCTGGGAAAATAAAAAAACCGCAAAAAGAGCTTTCCACGTGAAGAGCTGTCTCACACAGCTGT","GGAAAATAAAAAAACCGCAAA",,,,"Other",1
"sample20","CGGTGAGTGGGCTTTATGGGAAAATAAAAAAACCTAAAATCGAGATTACCACGTGAAGAGCTTTCTCTCACAGCT","GGAAAATAAAAAAACCTAAAA",,,,"Other",1
"sample20","GGTGAACTAACGGGTCGACACTGATGTCGGTGAGTGGGCTTTCTGGGAAAATAAAAAAACCTAAAAAAGAGCTTT","GGAAAATAAAAAAACCTAAAA",,,,"Other",1
"sample20","GGTGAACTCACGGGTCGACACTGATGTCGGTGAGTGGGCTTTCTGGGAAAATAAAAAAACCTAAAAAAGATCTTT","GGAAAATAAAAAAACCTAAAA",,,,"Other",1
"sample20","TGGGAAAATAAAAAAACCTAAAAAAGAGCTTTCCACGTGAAGAGCTGTCTCTCACAGCTGTACCAAGAGCAGCTG","GGAAAATAAAAAAACCTAAAA",,,,"Other",1
"sample20","AACTCACGGGTCGACACTGATGTCGGTGAGTGGGCTTTCTGGGAAAATAAAAAAACCTCAAAAAGAGCTTTCCAG","GGAAAATAAAAAAACCTCAAA","AAAAAAA",0,0,"sGP",1
"sample20","ACGGGTCGACACTGATGTCGGTGAGTGGGCTTTCTGGGAAAATAAAAAAACCTCAAAAAGAGCTTTCCACGTGAA","GGAAAATAAAAAAACCTCAAA","AAAAAAA",0,0,"sGP",1
"sample20","ACGGGTCGGTGAGTGGGCTTTCTGGGAAAATAAAAAAACCTCAAAAAGAGCTTTCCACGTGAAGAGCTGTCTCTC","GGAAAATAAAAAAACCTCAAA","AAAAAAA",0,0,"sGP",1
"sample20","ACTGACGGGTCGACACTGATGTCGGTGAGTGGGCTTTCTGGGAAAATAAAAAAACCTCAAAAAGAGCTTTCCACG","GGAAAATAAAAAAACCTCAAA","AAAAAAA",0,0,"sGP",1
"sample20","AGAACTCACGGGTCGACACTGATGTCGGTGAGTGGGCTTTCTGGGAAAATAAAAAAACCTCAAAAAGAGCTTTCC","GGAAAATAAAAAAACCTCAAA","AAAAAAA",0,0,"sGP",1
"sample20","AGGCAGGTGAACTCACGGGTCGACACTGATGTCGGTGAGTGGGCTATCTGGGAAAATAAAAAAACCTCAAAAAGA","GGAAAATAAAAAAACCTCAAA","AAAAAAA",0,0,"sGP",1
"sample20","AGGTGAACTCACGGGTCGACACTGATGTCGGTGAGTGGGCTTTCTGGGAAAATAAAAAAACCTCAAAAAGAGCTT","GGAAAATAAAAAAACCTCAAA","AAAAAAA",0,0,"sGP",1
"sample20","AGTGGGCTTTCTGGGAAAATAAAAAAACCTCAAAAAGAGCTTTCCACGTGAAGAGCTGTCTCTCACAGCTGTACC","GGAAAATAAAAAAACCTCAAA","AAAAAAA",0,0,"sGP",1
"sample20","ATTTGGCAGGTGAACTCACGGGTCGACACTGATGTCGGTGAGTGGGCTTTCTGGGAAAATAAAAAAACCTCAAAA","GGAAAATAAAAAAACCTCAAA","AAAAAAA",0,0,"sGP",1
"sample20","CACGGGTCGACACTGATGTCGGTGAGTGGGCTTTCTGGGAAAATAAAAAAACCTCAAAAAGAGCTTTCAACGTTA","GGAAAATAAAAAAACCTCAAA","AAAAAAA",0,0,"sGP",1
"sample20","CACTGATGTCGGTGAGTGGGCTTTCTGGGAAAATAAAAAAACCTCAAAAAGAGCTTTCCACGTGAAGAGCTGTCT","GGAAAATAAAAAAACCTCAAA","AAAAAAA",0,0,"sGP",1
"sample20","CCGGTGAACTCACGGGTCGACACTGATGTCGGTGAGTGGGCTTTCTGGGAAAATAAAAAAACCTCAAAAAGAGCT","GGAAAATAAAAAAACCTCAAA","AAAAAAA",0,0,"sGP",1
"sample20","CCTGGGAAAATAAAAAAACCTCAAAAAGAGCTTTCCACGTGAAGAGCTGTCTCTCACAGCTGTACCAAGAGCAGC","GGAAAATAAAAAAACCTCAAA","AAAAAAA",0,0,"sGP",1
"sample20","CGCGGGTCGACACTGATGTCGGTGAGTGGGCTTTCTGGGAAAATAAAAAAACCTCAAAAAGAGCTTTCCACGTGA","GGAAAATAAAAAAACCTCAAA","AAAAAAA",0,0,"sGP",1
"sample20","CGGCGAGTGGGCTTTCTGGGAAAATAAAAAAACCTCAAAAAGAGCTTTCCACGTGAAGAGCTGTCTCTCACAGCT","GGAAAATAAAAAAACCTCAAA","AAAAAAA",0,0,"sGP",1
"sample20","CGGGCTTTCTGGGAAAATAAAAAAACCTCAAAAAGAGCTTTCCACGTGAAGAGCTGTCTCTCCCAGCTGTACCAA","GGAAAATAAAAAAACCTCAAA","AAAAAAA",0,0,"sGP",1
"sample20","CGGGTGAACTCACGGGTCGACACTGATGTCGGTGAGTGGGCTTTCTGGGAAAATAAAAAAACCTCAAAAAGAGCT","GGAAAATAAAAAAACCTCAAA","AAAAAAA",0,0,"sGP",1
"sample20","CGGTGAGTGGGCTTTCTGGGAAAATAAAAAAACCTCAAAAAGAGCTTTCCACGTGAAGAGATGTCTCTCACAGCT","GGAAAATAAAAAAACCTCAAA","AAAAAAA",0,0,"sGP",1
"sample20","CGTCGGTGAGTGGGCTTTCTGGGAAAATAAAAAAACCTCAAAAAGAGCTTTCCACGTGAAGAGCTGTCTCTCACA","GGAAAATAAAAAAACCTCAAA","AAAAAAA",0,0,"sGP",1
"sample20","CTATCTGGGAAAATAAAAAAACCTCAAAAAGAGCTTTCCACGTGAACAGCTGTCTCTCACAGCTGTACCGAGAGC","GGAAAATAAAAAAACCTCAAA","AAAAAAA",0,0,"sGP",1
"sample20","CTCACGGGTCGCCACTGCGGTCGGTGAGTGGGCTTTCTGGGAAAATAAAAAAACCTCAAAAAGAGATATCCACGT","GGAAAATAAAAAAACCTCAAA","AAAAAAA",0,0,"sGP",1
"sample20","CTGATGTCGGTGAGTGGGCTTTCTGGGAAAATAAAAAAACCTCAAAAAGAGCTTTCCACGTGAAGAGCTGTCTCT","GGAAAATAAAAAAACCTCAAA","AAAAAAA",0,0,"sGP",1
"sample20","CTGGGAAAATAAAAAAACCTCAAAAAGAGCTTTCCACGTGAAGAGCTGTCTCTCACAGCTGAACCAAGAGCAGCT","GGAAAATAAAAAAACCTCAAA","AAAAAAA",0,0,"sGP",1
"sample20","CTGGGAAAATAAAAAAACCTCAAAAAGAGCTTTCCACGTGAAGAGCTGTCTCTCACAGCTGTACCAAGAGCAGCC","GGAAAATAAAAAAACCTCAAA","AAAAAAA",0,0,"sGP",1
"sample20","CTGGGAAAATAAAAAAACCTCAAAAAGAGCTTTCCACGTGAATAGCTGTCTCTCACTGCTGTACCAAGAGCAGCT","GGAAAATAAAAAAACCTCAAA","AAAAAAA",0,0,"sGP",1
"sample20","CTTTCTGGGAAAATAAAAAAACCTCAAAAAGAGCTGTCCACGTGAAGAGCTGTCTCTCCCAGCTGTACCAAGAGC","GGAAAATAAAAAAACCTCAAA","AAAAAAA",0,0,"sGP",1
"sample20","CTTTCTGGGAAAATAAAAAAACCTCAAAAAGAGCTTTCCACGTGAAGAGATGTCTCTCACAGCTGTACCAAGAGC","GGAAAATAAAAAAACCTCAAA","AAAAAAA",0,0,"sGP",1
"sample20","CTTTCTGGGAAAATAAAAAAACCTCAAAAAGAGCTTTCCACGTGAAGAGCTGTCTCTCACAGCTGTACCAATAGC","GGAAAATAAAAAAACCTCAAA","AAAAAAA",0,0,"sGP",1
"sample20","CTTTCTGGGAAAATAAAAAAACCTCAAAAAGAGCTTTCCACGTGAAGAGCTGTCTCTCACAGCTGTACCTAGAGC","GGAAAATAAAAAAACCTCAAA","AAAAAAA",0,0,"sGP",1
"sample20","CTTTCTGGGAAAATAAAAAAACCTCAAAAAGAGCTTTCCACGTGAAGAGCTGTCTCTCACAGCTGTCCCAAGAGC","GGAAAATAAAAAAACCTCAAA","AAAAAAA",0,0,"sGP",1
"sample20","CTTTCTGGGAAAATAAAAAAACCTCAAAAAGCGCTTTCCACGTGAAGAGCTGTCTCTCACAGCTGTACCAAGAGC","GGAAAATAAAAAAACCTCAAA","AAAAAAA",0,0,"sGP",1
"sample20","GAAATCACGTGTCGACACTGTTGTCGGTGAGTGGGCTTTCTGGGAAAATAAAAAAACCTCAAAAAGAGCTTTCCA","GGAAAATAAAAAAACCTCAAA","AAAAAAA",0,0,"sGP",1
"sample20","GAGGGCTTTCTGGGAAAATAAAAAAACCTCAAAAAGAGCTTTCCACGTGAAGAGCTGTCTCTCACAGCTGTACCA","GGAAAATAAAAAAACCTCAAA","AAAAAAA",0,0,"sGP",1
"sample20","GATTTGGCAGGTGAACTCACGGGTCGACACTGAGGTCGGTGAGGGGGCTTTCTGGGAAAATAAAAAAACCTCAAA","GGAAAATAAAAAAACCTCAAA","AAAAAAA",0,0,"sGP",1
"sample20","GATTTGGCAGGTGAACTCACGGGTCGACACTGAGGTCGGTGAGTGGGCTTTCTGGGAAAATAAAAAAACCTCAAA","GGAAAATAAAAAAACCTCAAA","AAAAAAA",0,0,"sGP",1
"sample20","GCTTTCTGGGAAAATAAAAAAACCTCAAAAAGAGCTTTCCACGTGAAGAGCTGTCTCTCACAGCTGAACCAAGAG","GGAAAATAAAAAAACCTCAAA","AAAAAAA",0,0,"sGP",1
"sample20","GCTTTCTGGGAAAATAAAAAAACCTCAAAAAGAGCTTTCCACGTGAAGAGCTGTCTCTCACAGCTGTCCCAAGAG","GGAAAATAAAAAAACCTCAAA","AAAAAAA",0,0,"sGP",1
"sample20","GCTTTCTGGGAAAATAAAAAAACCTCAAAAAGCGCTTTCCACGTGAAGAGCTGTCTCTCACAGCTGTACCAAGAG","GGAAAATAAAAAAACCTCAAA","AAAAAAA",0,0,"sGP",1
"sample20","GGAAAATAAAAAAACCTCAAAAAGAGCTATCCACGTGAAGAGCTGTCACTCACAGCTGTACCAAGAGCAGCTGAT","GGAAAATAAAAAAACCTCAAA","AAAAAAA",0,0,"sGP",1
"sample20","GGAAAATAAAAAAACCTCAAAAAGAGCTTTCCACGTGAAGAGCTGGCTCTCACAGCTGTACCAAGAGCAGCTGAT","GGAAAATAAAAAAACCTCAAA","AAAAAAA",0,0,"sGP",1
"sample20","GGAAAATAAAAAAACCTCAAAAAGAGCTTTCCACGTGAAGAGCTGTCTCTCACAGCTGTACCAAGAGCAGATGAT","GGAAAATAAAAAAACCTCAAA","AAAAAAA",0,0,"sGP",1
"sample20","GGAAAATAAAAAAACCTCAAAAAGAGCTTTCCACGTGAAGAGCTGTCTCTCACAGCTGTACCAAGCGCAGCTGAG","GGAAAATAAAAAAACCTCAAA","AAAAAAA",0,0,"sGP",1
"sample20","GGAAAATAAAAAAACCTCAAAAAGAGCTTTCCACGTGAAGAGCTGTCTCTCACAGCTGTACCTAGAGCAGCTGAT","GGAAAATAAAAAAACCTCAAA","AAAAAAA",0,0,"sGP",1
"sample20","GGAAAATAAAAAAACCTCAAAAAGAGCTTTCCACGTGAAGAGCTGTCTCTCACAGGTGTACCAAGAGCAGCTGAT","GGAAAATAAAAAAACCTCAAA","AAAAAAA",0,0,"sGP",1
"sample20","GGAAAATAAAAAAACCTCAAAAAGAGCTTTCCACGTGAAGAGCTGTCTCTCACCGCTGTACCAAGAGCAGCTGAT","GGAAAATAAAAAAACCTCAAA","AAAAAAA",0,0,"sGP",1
"sample20","GGAAAATAAAAAAACCTCAAAAATAGCTTTCCACGTGAAGAGCTGTCTCTCACAGCTGTACCAAGAGCAGCTGAT","GGAAAATAAAAAAACCTCAAA","AAAAAAA",0,0,"sGP",1
"sample20","GGACTTTCTGGGAAAATAAAAAAACCTCAAAAAGAGCTTTCAACGTGAAGAGCTGTCTCTCACAGCTGTACCAAG","GGAAAATAAAAAAACCTCAAA","AAAAAAA",0,0,"sGP",1
"sample20","GGCAGGTGAACTCACAGGTCGACACTGATGTCGGTGAGTGGGATTTCTGGGAAAATAAAAAAACCTCAAAAAGAC","GGAAAATAAAAAAACCTCAAA","AAAAAAA",0,0,"sGP",1
"sample20","GGCAGGTGAACTCACGGGTCGACACTGATGTCGGTGAGTGGGCTGTCTGGGAAAATAAAAAAACCTCAAAAAGAG","GGAAAATAAAAAAACCTCAAA","AAAAAAA",0,0,"sGP",1
"sample20","GGCTTTCTGGGAAAATAAAAAAACCTCAAAAAGAGCTTTCCACGTGAAGAGCTGTCTCTCACAGCTGGACCAAGA","GGAAAATAAAAAAACCTCAAA","AAAAAAA",0,0,"sGP",1
"sample20","GGCTTTCTGGGAAAATAAAAAAACCTCAAAAAGAGCTTTCCACGTGAAGAGCTGTCTCTCACAGCTGTACCAATA","GGAAAATAAAAAAACCTCAAA","AAAAAAA",0,0,"sGP",1
"sample20","GGCTTTCTGGGAAAATAAAAAAACCTCAAAAAGAGCTTTCCACGTGAAGAGCTGTCTCTCACAGCTGTGCCAAGA","GGAAAATAAAAAAACCTCAAA","AAAAAAA",0,0,"sGP",1
"sample20","GGCTTTCTGGGAAAATAAAAAAACCTCAAAAAGAGCTTTCCCCGTGAAGAGCTGTCTCTCACAGCTGTACCAAGA","GGAAAATAAAAAAACCTCAAA","AAAAAAA",0,0,"sGP",1
"sample20","GGGAAAATAAAAAAACCTCAAAAAGAGCTTTCCACGTGAAGAGCTGTCTCTCACAGATGTACCAAGAGCAGATGA","GGAAAATAAAAAAACCTCAAA","AAAAAAA",0,0,"sGP",1
"sample20","GGGAAAATAAAAAAACCTCAAAAAGAGCTTTCCACGTGAAGAGCTGTCTCTCACAGCTGTACCACGAGCAGCTGA","GGAAAATAAAAAAACCTCAAA","AAAAAAA",0,0,"sGP",1
"sample20","GGGCATTCTGGGAAAATAAAAAAACCTCAAAAAGAGCTATCCACGAGAAGATCTCTCTCTCAAATCTAAACCCAG","GGAAAATAAAAAAACCTCAAA","AAAAAAA",0,0,"sGP",1
"sample20","GGGCTTTCTGGGAAAATAAAAAAACCTCAAAAAGAGCTTTCCACGTGAAGCGCTGTCTCTCACAGCTGTACCAAG","GGAAAATAAAAAAACCTCAAA","AAAAAAA",0,0,"sGP",1
"sample20","GGGCTTTCTGGGAAAATAAAAAAACCTCAAAAAGATCTTTCCACGTGAAGAGCGGTCTCTCACAGCTGTACCAAG","GGAAAATAAAAAAACCTCAAA","AAAAAAA",0,0,"sGP",1
"sample20","GGGCTTTCTGGGAAAATAAAAAAACCTCAAAAAGCGCTTTCCACGTGATGAGCTGTCTCTCACAGCTGTACCAAG","GGAAAATAAAAAAACCTCAAA","AAAAAAA",0,0,"sGP",1
"sample20","GGGGCTTTCTGGGAAAATAAAAAAACCTCAAAAAGAGCTTTCCACGGGAAGAGCTGTCTCTCACAGCTGTACCAA","GGAAAATAAAAAAACCTCAAA","AAAAAAA",0,0,"sGP",1
"sample20","GGGGCTTTCTGGGAAAATAAAAAAACCTCAAAAAGAGCTTTCCACGTGAAGAGCTGTCTCTCACAGCTGTACCAA","GGAAAATAAAAAAACCTCAAA","AAAAAAA",0,0,"sGP",1
"sample20","GGGTCGACACTGATGTCGGTGAGTGGGCTTTCTGGGAAAATAAAAAAACCTCAAAAAGAGCTTTCCACGTGAAGA","GGAAAATAAAAAAACCTCAAA","AAAAAAA",0,0,"sGP",1
"sample20","GGTGAACTCACGGGTCGACACTGATGTCGGTGAGAGGGCTTTCTGGGAAAATAAAAAAACCTCAAAAAGAGCTTT","GGAAAATAAAAAAACCTCAAA","AAAAAAA",0,0,"sGP",1
"sample20","GGTGAACTCACGGGTCGACACTGATGTCGGTGAGTGGGCGTTCTGGGAAAATAAAAAAACCTCAAAAAGAGCTTT","GGAAAATAAAAAAACCTCAAA","AAAAAAA",0,0,"sGP",1
"sample20","GGTGAACTCTCGGGTCGCCACTGATGTCGGTGAGTGGGCTTTCTGGGAAAATAAAAAAACCTCAAAAAGAGCTTT","GGAAAATAAAAAAACCTCAAA","AAAAAAA",0,0,"sGP",1
"sample20","GGTGAGTGGGCTTTCTGGGAAAATAAAAAAACCTCAAAAAGAGCTTTCCAAGTGAAGAGCTGTCTCTCACAGCTG","GGAAAATAAAAAAACCTCAAA","AAAAAAA",0,0,"sGP",1
"sample20","GGTGAGTGGGCTTTCTGGGAAAATAAAAAAACCTCAAAAAGAGCTTTCCACGTGAAGAGCTGACTCTCACAGCTG","GGAAAATAAAAAAACCTCAAA","AAAAAAA",0,0,"sGP",1
"sample20","GGTGAGTGGGCTTTCTGGGAAAATAAAAAAACCTCAAAAAGAGCTTTCCACGTGAAGAGCTGTCTCTCACAGCTC","GGAAAATAAAAAAACCTCAAA","AAAAAAA",0,0,"sGP",1
"sample20","GGTGAGTGGGCTTTCTGGGAAAATAAAAAAACCTCAAAAAGAGCTTTCCACGTGAAGCGCTGTCTCTCACAGCTG","GGAAAATAAAAAAACCTCAAA","AAAAAAA",0,0,"sGP",1
"sample20","GTCAACTCACGGGTCGACACTGATGTCGGAGAGTGGGCATTCTCGGAAAATAAAAAAACCTCAAAAAGAGCTTTG","GGAAAATAAAAAAACCTCAAA","AAAAAAA",0,0,"sGP",1
"sample20","GTCGACACTGATGTCGGTGAGTGGGCTTTCTGGGAAAATAAAAAAACCTCAAAAAGGGCTTTCCACGTGAAGAGC","GGAAAATAAAAAAACCTCAAA","AAAAAAA",0,0,"sGP",1
"sample20","GTCGACACTGCTGTCGGTGAGTGGGCTTTCTGGGAAAATAAAAAAACCTCAAAAAGAGCTTTCCACGTGAAGAGC","GGAAAATAAAAAAACCTCAAA","AAAAAAA",0,0,"sGP",1
"sample20","GTCGGTGAGTGGGCTTTCTGGGAAAATAAAAAAACCTCAAAAAGAGCTTTCCACGTGAAGAGCTGTCTCTCACCG","GGAAAATAAAAAAACCTCAAA","AAAAAAA",0,0,"sGP",1
"sample20","GTCGGTGAGTGGGCTTTCTGGGAAAATAAAAAAACCTCAAAAAGAGCTTTTCACGTGAAGAGCTGTCTCTCACAG","GGAAAATAAAAAAACCTCAAA","AAAAAAA",0,0,"sGP",1
"sample20","GTCGGTGAGTGGGCTTTCTGGGAAAATAAAAAAACCTCAAAAAGCGCTTTCCACGTGAAGAGCTGTCTCTCACAG","GGAAAATAAAAAAACCTCAAA","AAAAAAA",0,0,"sGP",1
"sample20","GTGAACTCAAGGGTCGACACTGATGTCGGTGAGTGGGCTTTCTGGGAAAATAAAAAAACCTCAAAAAGAGCTTTC","GGAAAATAAAAAAACCTCAAA","AAAAAAA",0,0,"sGP",1
"sample20","GTGAACTCACGGGTCGACACTGATGTAGGTGAGTGGGCTTTCTGGGAAAATAAAAAAACCTCAAAAAGAGCTTTC","GGAAAATAAAAAAACCTCAAA","AAAAAAA",0,0,"sGP",1
"sample20","GTGAACTCACGGGTCGACACTGATGTCGGTGAGTGGGCTTTCTGGGAAAATAAAAAAACCTCAAAAAGAGCTTTA","GGAAAATAAAAAAACCTCAAA","AAAAAAA",0,0,"sGP",1
"sample20","GTGAACTCACGGGTCGACACTGATGTCGGTGAGTGGGCTTTCTGGGAAAATAAAAAAACCTCAAAAAGCGCTTTC","GGAAAATAAAAAAACCTCAAA","AAAAAAA",0,0,"sGP",1
"sample20","GTGGGCTTTCTGGGAAAATAAAAAAACCTCAAAAAGAGCTTTCCACGTGAAGAGCTGTCTCTCACAGCGGTCCCA","GGAAAATAAAAAAACCTCAAA","AAAAAAA",0,0,"sGP",1
"sample20","GTGGGCTTTCTGGGAAAATAAAAAAACCTCAAAAAGAGCTTTCCACGTGAAGAGCTGTCTCTCACAGCTGTACCC","GGAAAATAAAAAAACCTCAAA","AAAAAAA",0,0,"sGP",1
"sample20","GTGGGCTTTCTGGGAAAATAAAAAAACCTCAAAAAGAGCTTTCCACGTGAAGAGCTGTCTCTCACAGCTGTACCT","GGAAAATAAAAAAACCTCAAA","AAAAAAA",0,0,"sGP",1
"sample20","GTGGGCTTTCTGGGAAAATAAAAAAACCTCAAAAAGCGCTTTCCACGTGAAGAGCTGTCTCTCACAGCTGTACCA","GGAAAATAAAAAAACCTCAAA","AAAAAAA",0,0,"sGP",1
"sample20","GTGGGCTTTCTGGGAAAATAAAAAAACCTCAAAAAGCGCTTTCCTCGTGAAGAGCTGTCTCTCACAGCTGTACCA","GGAAAATAAAAAAACCTCAAA","AAAAAAA",0,0,"sGP",1
"sample20","GTGGTCTTTCTGGGAAAATAAAAAAACCTCAAAAAGAGCTTTCCACATGAAGAGCTGTCTCTCACAGCTCTACCA","GGAAAATAAAAAAACCTCAAA","AAAAAAA",0,0,"sGP",1
"sample20","GTGTACTCACGGGTCGACACTGATGTCGGTGAGTGGGCTTTCTGGGAAAATAAAAAAACCTCAAAAAGAGCTTTC","GGAAAATAAAAAAACCTCAAA","AAAAAAA",0,0,"sGP",1
"sample20","GTTTTCTGGGAAAATAAAAAAACCTCAAAAAGAGCTTTCCACGTGAAGAGCTGTCTCTCACAGCTGTACCAAGAG","GGAAAATAAAAAAACCTCAAA","AAAAAAA",0,0,"sGP",1
"sample20","TCACGGGTCGACACTGATGTCGGTGATTGGGCTTTCTGGGAAAATAAAAAAACCTCAAAAAGAGCTTTCCACGTG","GGAAAATAAAAAAACCTCAAA","AAAAAAA",0,0,"sGP",1
"sample20","TCGGTGAGTGGGCTTTCTGGGAAAATAAAAAAACCTCAAAAAGAGCTTTCCACGTGAAGAGCTGTCTCTCACAGC","GGAAAATAAAAAAACCTCAAA","AAAAAAA",0,0,"sGP",1
"sample20","TCTGGGAAAATAAAAAAACCTCAAAAAGAGATTTCCACGTGAAGAGCTGTCTCTCACAGCTGTACCAAGAGCAGC","GGAAAATAAAAAAACCTCAAA","AAAAAAA",0,0,"sGP",1
"sample20","TCTGGGAAAATAAAAAAACCTCAAAAAGAGCTTTCCACGTGAAGAGCTGTCTCTCTCAGCTGCACCAAGAGCAGC","GGAAAATAAAAAAACCTCAAA","AAAAAAA",0,0,"sGP",1
"sample20","TGAACTCACGGGTCGACACTGATGTCGGTGAGTGGGCTTTCTGGGAAAATAAAAAAACCTCAAAAAGAGCTTTCC","GGAAAATAAAAAAACCTCAAA","AAAAAAA",0,0,"sGP",1
"sample20","TGAACTCTCGGGTCGACACTGATGTCGGTGAGTGGGCTTTCTGGGAAAATAAAAAAACCTCAAAAAGAGCTTTCC","GGAAAATAAAAAAACCTCAAA","AAAAAAA",0,0,"sGP",1
"sample20","TGGCGGGTGAACTCACGGGTCGACACTGATGTCGGTGAGTGGGCTTTCTGGGAAAATAAAAAAACCTCAAAAAGA","GGAAAATAAAAAAACCTCAAA","AAAAAAA",0,0,"sGP",1
"sample20","TGGGCTTTCTGGGAAAATAAAAAAACCTCAAAAAGAGCTTTCCACGTGAAGAGCTGTCTCTCACAGATGTACCAA","GGAAAATAAAAAAACCTCAAA","AAAAAAA",0,0,"sGP",1
"sample20","TGGGCTTTCTGGGAAAATAAAAAAACCTCAAAAAGAGCTTTCCACGTGAAGAGCTGTCTCTCACAGCTGTACAAA","GGAAAATAAAAAAACCTCAAA","AAAAAAA",0,0,"sGP",1
"sample20","TGGGCTTTCTGGGAAAATAAAAAAACCTCAAAAAGAGCTTTCCACGTGAAGAGCTTTCTCTCACAGCTGTACAAA","GGAAAATAAAAAAACCTCAAA","AAAAAAA",0,0,"sGP",1
"sample20","TGGGTTTTCTGGGAAAATAAAAAAACCTCAAAGAGAGCTTTCCACGTGAAGAGCTGTCTCTCACAGCTGTACCAA","GGAAAATAAAAAAACCTCAAA","AAAAAAA",0,0,"sGP",1
"sample20","TGGTGAACTCACGGGTCGACACTGATGTCGGTGAGTGGGCTTTCTGGGAAAATAAAAAAACCTCAAAAAGAGCTT","GGAAAATAAAAAAACCTCAAA","AAAAAAA",0,0,"sGP",1
"sample20","TGTCGGTGAGTGGGCTTTCTGGGAAAATAAAAAAACCTCAAAAAGAGCTTTCCACGTGAAGAGCTGTCTCTCACA","GGAAAATAAAAAAACCTCAAA","AAAAAAA",0,0,"sGP",1
"sample20","TGTCGGTGAGTGGGCTTTCTGGGAAAATAAAAAAACCTCAAAAAGAGCTTTCCACGTGAAGAGCTGTCTCTCTCA","GGAAAATAAAAAAACCTCAAA","AAAAAAA",0,0,"sGP",1
"sample20","TGTGAGTGGGCTTTCTGGGAAAATAAAAAAACCTCAAAAAGAGCTTTCAACGTGAAGAGCTGTCTCTCACATCTG","GGAAAATAAAAAAACCTCAAA","AAAAAAA",0,0,"sGP",1
"sample20","TGTGAGTGGGCTTTCTGGGAAAATAAAAAAACCTCAAAAAGAGCTTTCCACGTGAAGAGCTGTCTCTCACAGCTG","GGAAAATAAAAAAACCTCAAA","AAAAAAA",0,0,"sGP",1
"sample20","TTCTGGGAAAATAAAAAAACCTCAAAAAGAGCTTTCCACGTGAAGAGCTGGCTCTCACAGCTGTACCAAGAGCAG","GGAAAATAAAAAAACCTCAAA","AAAAAAA",0,0,"sGP",1
"sample20","TTCTGGGAAAATAAAAAAACCTCAAAAAGAGCTTTCCACGTGAAGAGCTTTCTCTCACAGCTGTACCAAGAGCAG","GGAAAATAAAAAAACCTCAAA","AAAAAAA",0,0,"sGP",1
"sample20","TTGGGAAAATAAAAAAACCTCAAAAAGAGCTTTCCACGTGAAGAGCTGTCTCTCACAGCTGTACCAAGAGCAGCT","GGAAAATAAAAAAACCTCAAA","AAAAAAA",0,0,"sGP",1
"sample20","TTGTCAGGTGAACTCACGGGTCGACACTGATGTCGGTGAGTGGGCTTTCTGGGAAAATAAAAAAACCTCAAAAAG","GGAAAATAAAAAAACCTCAAA","AAAAAAA",0,0,"sGP",1
"sample20","TTTCTGGGAAAATAAAAAAACCTCAAAAAGAGCTTTCCACGTGAAGAGCTGTCTCTCACAGCTGTACCAAGCGCA","GGAAAATAAAAAAACCTCAAA","AAAAAAA",0,0,"sGP",1
"sample20","TTTCTGGGAAAATAAAAAAACCTCAAAAAGAGCTTTCCACTTGAAGAGCTGTCTCTAACAGCTGTACCAAAAGCA","GGAAAATAAAAAAACCTCAAA","AAAAAAA",0,0,"sGP",1
"sample20","TTTGGCAGGTGAACTCACGGGGCGACAATGATGTCGGTGAGTGGGCTCTCTGGGAAAATAAAAAAACCTCAAAAA","GGAAAATAAAAAAACCTCAAA","AAAAAAA",0,0,"sGP",1
"sample20","GGCAGGTGAACTCACGGGTCGACACTGATGTCGGTGAGTGGGCTTTCTGGGAAAATAAAAAAACCTCAATAAGAG","GGAAAATAAAAAAACCTCAAT","AAAAAAA",0,0,"sGP",1
"sample20","GGTGAACTCACGGGTCGACACAGATGTCGGTGAGTGGGCTTTCTGGGAAAATAAAAAAACCTCAATAAGAGCTTT","GGAAAATAAAAAAACCTCAAT","AAAAAAA",0,0,"sGP",1
"sample20","CGACACTGATGTCGGTGAGTGGGCTTTCTGGGAAAATAAAAAAACCTCATAAAGAGCTTTCCACGTGAAGAGCTG","GGAAAATAAAAAAACCTCATA","AAAAAAA",0,0,"sGP",1
"sample20","GATTTGGCAGGTGAACTCACGGGTCGACACTGATGTCGGTGAGTGGGCTTTCTGGGAAAATAAAAAAACCTCGAA","GGAAAATAAAAAAACCTCGAA",,,,"Other",1
"sample20","AGGTGAACTCACGGGTCGACACTGATGTCGGTGAGTGGGCTTTCTGGGAAAATAAAAAACCCTCAAAAAGAGCTT","GGAAAATAAAAAACCCTCAAA","AAAAAAC",0,0,"sGP",1
"sample20","ATTTGGCAGGTGAACTCACGGGTCGCCACTGATGTCGGTGAGTGGGCTTTCTGGGAAAATAAAAAACCCTCAAAA","GGAAAATAAAAAACCCTCAAA","AAAAAAC",0,0,"sGP",1
"sample20","GATTTGGCAGGTGAACTCACGGGTCGACACTGATGTCGGTGAGTGGGCTTTCTGGGAAAATAAAAAACCCTCAAA","GGAAAATAAAAAACCCTCAAA","AAAAAAC",0,0,"sGP",1
"sample20","GGGAAAATAAAAAACCCTCAAAATGAGCTTTCCACGTGAAGCGCTGTCTCTCACAGCTGTACCAAGAGCAGCTGA","GGAAAATAAAAAACCCTCAAA","AAAAAAC",0,0,"sGP",1
"sample20","TGGGAAAATAAAAAACCCTCAAAAAGAGCTTTCCACGTGAAGAGCTGTCTCTCACAGCTGTACCAAGAGCAGCTG","GGAAAATAAAAAACCCTCAAA","AAAAAAC",0,0,"sGP",1
"sample20","TGGGCTTTCTGGGAAAATAAAAAACCCTCAAAAAGAGCTTTCCACGTGAAGAGCTGTCTCTCACAGCTGTACCAA","GGAAAATAAAAAACCCTCAAA","AAAAAAC",0,0,"sGP",1
"sample20","GGGAAAATAAAAAACCTCAAAAAGAGCTTTCCACGTGAAGAGCTGTCTCTCACAGCTGTACCAAGAGCAGCTGAT","GGAAAATAAAAAACCTCAAAA","AAAAAA",-1,2,"ssGP",1
"sample20","CACGGGTCGACACTGATGTCGGTGAGTGGGCTTACTGGGAAAATAAAAACACCTCAAAAAGAGCTTTCCACGTGA","GGAAAATAAAAACACCTCAAA","AAAAACA",0,0,"sGP",1
"sample20","GATTTGGCAGGTGAACTCACGGGTCGACACTGATGTCGGTGAGTGGGCTTTCTGGGAAAATAAAAATACCTCAAA","GGAAAATAAAAATACCTCAAA","AAAAATA",0,0,"sGP",1
"sample20","GGCAGGTGAACTCACGGGTCGACACTGATGTCGGTGAGTGGGCTTTCTGGGAAAATAAGAAAACCTGAAAGAGAG","GGAAAATAAGAAAACCTGAAA",,,,"Other",1
"sample20","ATTTGGAAGGTGAACTCACGGGTCGACACTGATGTCGGTGAGTGGGCTTTCTGGGAAAATACAAAAACCTCAAAA","GGAAAATACAAAAACCTCAAA","ACAAAAA",0,0,"sGP",1
"sample20","CGGGACGACACTGAGGTCGGTGAGTGGGCATTCAGGGAAAATACAAAAACCTCAAAAAGAGCTTTCCACGAGAAG","GGAAAATACAAAAACCTCAAA","ACAAAAA",0,0,"sGP",1
"sample20","GTCGACACTGATGTCGGTGAGTGGGCTTTCTGGGAAAATACAAAAACCTCAAAAAGAGCTTTCCACGTGAAGAGC","GGAAAATACAAAAACCTCAAA","ACAAAAA",0,0,"sGP",1
"sample20","CGGTGAGTGGGCTTTCTGGGAAAATATAAAAACCTCAAAAAGAGCTTTCCACGTGAAGAGCTGTCTCTCACAGCT","GGAAAATATAAAAACCTCAAA","ATAAAAA",0,0,"sGP",1
"sample20","GGCAGGTGAACTCACGGGTCGACACTGATGTCGGTGAGTGGGCTTTCTGGGAAAATATAAAAACCTCAAAAAGAG","GGAAAATATAAAAACCTCAAA","ATAAAAA",0,0,"sGP",1
"sample20","GGAAAATATAAAATCCTCAAAAAGAGCTTTCCACGTGAAGAGCTGTCTCTCACAGCTGTACCAAGAGCAGCTGAT","GGAAAATATAAAATCCTCAAA","ATAAAAT",0,0,"sGP",1
"sample20","GGAAAATATTAAAACCTGAATTAGTGCCTTCCACGTGATGTGCTGTCTCTCTCAGCTGTACAAAGAGCAGCTGAT","GGAAAATATTAAAACCTGAAT",,,,"Other",1
"sample20","GGTGAGTGGGCTTTCTGGGAAAATTAAAAAACCTCTAAAAGAGCTTTCCACGTGAAGAGCTGTCTCTCACAGCTG","GGAAAATTAAAAAACCTCTAA",,,,"Other",1
"sample20","GCAGGTGAACTCACGGTTCGACACTGATGTCGGTGAGTCGGCTAGCTGGGAAATAAAAAAAACCTAAAAAAGAGC","GGAAATAAAAAAAACCTAAAA",,,,"Other",1
"sample20","GCAGGTGATCTCTCGGGTCGACACTGATGTCGGTGAGTGGGGTTTCTGGGAAATTAAAATAACCTCAAAATGAGC","GGAAATTAAAATAACCTCAAA","TAAAATAA",1,1,"GP",1
"sample20","GGTGAACTCACGGGTCGACACTGATGTCGGTGAGTGGGCTTTCTGGGAATATAAAAAAACCTCAAAAAGAGCTTT","GGAATATAAAAAAACCTCAAA","ATAAAAAAA",2,2,"ssGP",1
"sample20","GTCGGGGAGTGGGCTTTCTGGGAATATAAAATAACCTCAAATAGAGCTTTCCACGTGAAGAGCTGTCTCTCACAG","GGAATATAAAATAACCTCAAA","ATAAAATAA",2,2,"ssGP",1
"sample20","GGGCTTTATGGGACAATAAAAAAACCACAAAAAGAGCTTTCCACGAGAAGCCATGTCTCTCACCTCTGTACCAAG","GGACAATAAAAAAACCACAAA",,,,"Other",1
"sample20","GGGTGAACTCGGCGGGGAGGCACTGATGTCGGTGAGTGGGCTTTCTGGGAAAATAAAAAAACCTCAAAAAGAGCT","GGGAAAATAAAAAAACCTCAA","AAAAAAA",0,0,"sGP",1
"sample20","GGGCAGGTGAACTCACGGGTCGACACTGATGTCGGTGAGTGGGCTTTCTGGGTAAATAAAAAAACCTCAAAAAGA","GGTAAATAAAAAAACCTCAAA","AAAAAAA",0,0,"sGP",1
"sample20","TCGGCACTGATGTCGGTTAGTGGGCTTTCTGGTAAAATAAAAAAACCTCAAAAAGAGCTTTCCACGTGAAGAGAT","GTAAAATAAAAAAACCTCAAA","AAAAAAA",0,0,"sGP",1
"sample20","GGTGAACTCACGGGTCGACACTGATGTCGGAGAGTGGCCTTTCTGTGAAAAAAAAAAAACCTCAAAAAGATCTTT","TGAAAAAAAAAAAACCTCAAA",,,,"Other",1
"sample20","CTGTGAAAATAAAAAAACCTCAAAAAGAGCTTTCCACGTGAAGAGCTGTCTCTCACAGCTGTACCAAGAGCAGCT","TGAAAATAAAAAAACCTCAAA","AAAAAAA",0,0,"sGP",1
"sample21","CGGTGAGTGGGCTTTCTGGGAAAATAAAAAAACCTCAAAAAGAGCTTTCCACGTGAAGAGCTGTCTCTCACAGCT","GGAAAATAAAAAAACCTCAAA","AAAAAAA",0,0,"sGP",2
"sample21","CTTTCTGGGAAAATAAAAAAACCTCAAAAAGAGCTTTCCACGTGAAGAGCTGTCTCTCACAGCTGTACCAAGAGC","GGAAAATAAAAAAACCTCAAA","AAAAAAA",0,0,"sGP",2
"sample21","GGCAGGTGAACTCACGGGTCGACACTGATGTCGGTGAGTGGGCTTTCTGGGAAAATAAAAAAACCTCAAAAAGAG","GGAAAATAAAAAAACCTCAAA","AAAAAAA",0,0,"sGP",2
"sample21","GGGAAAATAAAAAAACCTCAAAAAGAGCTTTCCACGTGAAGAGCTGTCTCTCACAGCTGTACCAAGAGCAGCTGA","GGAAAATAAAAAAACCTCAAA","AAAAAAA",0,0,"sGP",2
"sample21","GGTGAACTCACGGGTCGACACTGATGTCGGTGAGTGGGCTTTCTGGGAAAATAAAAAAACCTCAAAAAGAGCTTT","GGAAAATAAAAAAACCTCAAA","AAAAAAA",0,0,"sGP",2
"sample21","TTGGCAGGTGAACTCACGGGTCGACACTGATGTCGGTGAGTGGGCTTTCTGGGAAAATAAAAAAACCTCAAAAAG","GGAAAATAAAAAAACCTCAAA","AAAAAAA",0,0,"sGP",2
"sample21","ATGTCGGTGCGTGGGCTTTCTGGGAAAATAAAAAAACCTCAAAAAGAGCTTTCCACGTGAAGAGCTGTCTCTCAC","GGAAAATAAAAAAACCTCAAA","AAAAAAA",0,0,"sGP",1
"sample21","CGGTGAGTGGGCTTTCTGGGAAAATAAAAAAACCTCAAAACTAGCTTTCCACGTGAAGAGCTGTCTCTCACAGCT","GGAAAATAAAAAAACCTCAAA","AAAAAAA",0,0,"sGP",1
"sample21","GATTTGGCAGGTGAACTCACGGGTCGACACTGATGTCGGTGAGTGGGCTTTCTGGGAAAATAAAAAAACCTCAAA","GGAAAATAAAAAAACCTCAAA","AAAAAAA",0,0,"sGP",1
"sample21","GCTTTCTGGGAAAATAAAAAAACCTCAAAAAGAGATTTCCACGTGAAGAGATGTCTCTCACAGCTGTACCAAGAG","GGAAAATAAAAAAACCTCAAA","AAAAAAA",0,0,"sGP",1
"sample21","GGAAAATAAAAAAACCTCAAAAAGAGCTTTCCACGTGAAGAGCTGTCTCTCACAGCTGTACCAAGAGCAGCTGAT","GGAAAATAAAAAAACCTCAAA","AAAAAAA",0,0,"sGP",1
"sample21","GGCTTTCTGGGAAAATAAAAAAACCTCAAAAAGAGCTTTCCACGAGAAGAGCTGTCTCTCACAGCTGTACCAAGA","GGAAAATAAAAAAACCTCAAA","AAAAAAA",0,0,"sGP",1
"sample21","GGGAAAATAAAAAAACCTCAAAAAGAGCTTTCCACGTGAAGAGCTGTCTCTCACAGCTGTCCCAAGAGCAGCTGA","GGAAAATAAAAAAACCTCAAA","AAAAAAA",0,0,"sGP",1
"sample21","GGGAAAATAAAAAAACCTCAAAAAGAGCTTTCCCCGTGAAGAGCTGTCTCTAACAGCTGTACCAAGAACCGCTGA","GGAAAATAAAAAAACCTCAAA","AAAAAAA",0,0,"sGP",1
"sample21","GTCGACACTGATGTCGGTGAGTGGGCTTTCTGGGAAAATAAAAAAACCTCAAAAAGAGCTTTCCACGTGAAGAGC","GGAAAATAAAAAAACCTCAAA","AAAAAAA",0,0,"sGP",1
"sample21","GTCGACACTGCTGTCGGTGAGTGGGCTTTCTGGGAAAATAAAAAAACCTCAAAAAGAGCTTTCCACGTGAAGAGC","GGAAAATAAAAAAACCTCAAA","AAAAAAA",0,0,"sGP",1
"sample21","GTGGGCTTTCTGGGAAAATAAAAAAACCTCAAAAAGAGCTTTCCACGTGAAGAGCTGTCTATCACAGCTGTAACA","GGAAAATAAAAAAACCTCAAA","AAAAAAA",0,0,"sGP",1
"sample21","GTGGGCTTTCTGGGAAAATAAAAAAACCTCAAAAAGAGCTTTCCACGTGAAGAGCTGTCTCTCACAGCTGTACCA","GGAAAATAAAAAAACCTCAAA","AAAAAAA",0,0,"sGP",1
"sample21","GTGGGCTTTCTGGGAAAATAAAAAAACCTCAAAAAGAGCTTTCCACGTGAAGAGCTGTCTCTCACAGCTGTCCCA","GGAAAATAAAAAAACCTCAAA","AAAAAAA",0,0,"sGP",1
"sample21","TCACGGGTCGACACTGATGTCGGTGAGTGGGCTTTCTGGGAAAATAAAAAAACCTCAAAAAGAGCTTTCCACGTG","GGAAAATAAAAAAACCTCAAA","AAAAAAA",0,0,"sGP",1
"sample21","TGGGAAAATAAAAAAACCTCAAAAAGAGCTTACCACGTGAAGAGCTGTCGCTCACAGCTGTACCAAGAGCAGCTG","GGAAAATAAAAAAACCTCAAA","AAAAAAA",0,0,"sGP",1
"sample21","CGACACTGAGGTCGGTGAGTGGGCTTTCTGGGAAAATAATAAAACCTCAAATAGTGCTTTCCACGTGAAGAGCTG","GGAAAATAATAAAACCTCAAA","AATAAAA",0,0,"sGP",1
"sample21","GTCGACACTGATGTCGGTGAGTGGGCTTTCTGGGAAAATTAAAAAACCTCAAAAAGAGCTTTCCACGTGAAGAGC","GGAAAATTAAAAAACCTCAAA","TAAAAAA",0,0,"sGP",1
"sample21","CTTTCTGGGAAATAAAAAAACCTCAAAAAGAGCTTTCCACGTGAAGAGCTGTCTCTCACAGCTGTACCAAGACCA","GGAAATAAAAAAACCTCAAAA","AAAAAAA",0,0,"sGP",1
"sample21","CTTTCTGGGAAATAAAAAAACCTCACAAAGAGCTTACCACGTGTAGAGATGTCTCTCACAGCTGTACCAAGAGCA","GGAAATAAAAAAACCTCACAA","AAAAAAA",0,0,"sGP",1
"sample21","CTGGTAAAATAAAAAAACCTCAAAAAGAGCTTTCCACGTGAAGAGCTGTCTCTCACAGCTGTACCAAGAGCAGCT","GTAAAATAAAAAAACCTCAAA","AAAAAAA",0,0,"sGP",1
"sample21","CTTTCTGGTAAATAAAAAAACCTCAAAAAGAGCTTTCCACGTGAAGAGCTGTCTCTCACAGCTGTACCAAGAGCA","GTAAATAAAAAAACCTCAAAA","AAAAAAA",0,0,"sGP",1
